20181107190227.147,10.0.1.1,55376,10.0.2.4,5001,3,0.0-1.0,3279570,26236560,0,0,0,0
20181107190228.143,10.0.1.1,55376,10.0.2.4,5001,3,1.0-2.0,3276630,26213040,0,0,0,0
20181107190229.148,10.0.1.1,55376,10.0.2.4,5001,3,2.0-3.0,3276630,26213040,0,0,0,0
20181107190230.143,10.0.1.1,55376,10.0.2.4,5001,3,3.0-4.0,3276630,26213040,0,0,0,0
20181107190231.149,10.0.1.1,55376,10.0.2.4,5001,3,4.0-5.0,3276630,26213040,0,0,0,0
20181107190232.144,10.0.1.1,55376,10.0.2.4,5001,3,5.0-6.0,3276630,26213040,0,0,0,0
20181107190233.149,10.0.1.1,55376,10.0.2.4,5001,3,6.0-7.0,3276630,26213040,0,0,0,0
20181107190234.145,10.0.1.1,55376,10.0.2.4,5001,3,7.0-8.0,3276630,26213040,0,0,0,0
20181107190235.150,10.0.1.1,55376,10.0.2.4,5001,3,8.0-9.0,3276630,26213040,0,0,0,0
20181107190236.145,10.0.1.1,55376,10.0.2.4,5001,3,9.0-10.0,3278100,26224800,0,0,0,0
20181107190237.150,10.0.1.1,55376,10.0.2.4,5001,3,10.0-11.0,3276630,26213040,0,0,0,0
20181107190238.145,10.0.1.1,55376,10.0.2.4,5001,3,11.0-12.0,3276630,26213040,0,0,0,0
20181107190239.150,10.0.1.1,55376,10.0.2.4,5001,3,12.0-13.0,3276630,26213040,0,0,0,0
20181107190240.145,10.0.1.1,55376,10.0.2.4,5001,3,13.0-14.0,3276630,26213040,0,0,0,0
20181107190241.150,10.0.1.1,55376,10.0.2.4,5001,3,14.0-15.0,3276630,26213040,0,0,0,0
20181107190242.146,10.0.1.1,55376,10.0.2.4,5001,3,15.0-16.0,3276630,26213040,0,0,0,0
20181107190243.151,10.0.1.1,55376,10.0.2.4,5001,3,16.0-17.0,3276630,26213040,0,0,0,0
20181107190244.146,10.0.1.1,55376,10.0.2.4,5001,3,17.0-18.0,3276630,26213040,0,0,0,0
20181107190245.152,10.0.1.1,55376,10.0.2.4,5001,3,18.0-19.0,3278100,26224800,0,0,0,0
20181107190246.147,10.0.1.1,55376,10.0.2.4,5001,3,19.0-20.0,3276630,26213040,0,0,0,0
20181107190247.152,10.0.1.1,55376,10.0.2.4,5001,3,20.0-21.0,3276630,26213040,0,0,0,0
20181107190248.147,10.0.1.1,55376,10.0.2.4,5001,3,21.0-22.0,3276630,26213040,0,0,0,0
20181107190249.142,10.0.1.1,55376,10.0.2.4,5001,3,22.0-23.0,3276630,26213040,0,0,0,0
20181107190250.148,10.0.1.1,55376,10.0.2.4,5001,3,23.0-24.0,3276630,26213040,0,0,0,0
20181107190251.143,10.0.1.1,55376,10.0.2.4,5001,3,24.0-25.0,3276630,26213040,0,0,0,0
20181107190252.148,10.0.1.1,55376,10.0.2.4,5001,3,25.0-26.0,3276630,26213040,0,0,0,0
20181107190253.143,10.0.1.1,55376,10.0.2.4,5001,3,26.0-27.0,3278100,26224800,0,0,0,0
20181107190254.148,10.0.1.1,55376,10.0.2.4,5001,3,27.0-28.0,3276630,26213040,0,0,0,0
20181107190255.143,10.0.1.1,55376,10.0.2.4,5001,3,28.0-29.0,3276630,26213040,0,0,0,0
20181107190256.148,10.0.1.1,55376,10.0.2.4,5001,3,29.0-30.0,3276630,26213040,0,0,0,0
20181107190257.144,10.0.1.1,55376,10.0.2.4,5001,3,30.0-31.0,3276630,26213040,0,0,0,0
20181107190258.149,10.0.1.1,55376,10.0.2.4,5001,3,31.0-32.0,3276630,26213040,0,0,0,0
20181107190259.144,10.0.1.1,55376,10.0.2.4,5001,3,32.0-33.0,3276630,26213040,0,0,0,0
20181107190300.149,10.0.1.1,55376,10.0.2.4,5001,3,33.0-34.0,3276630,26213040,0,0,0,0
20181107190301.145,10.0.1.1,55376,10.0.2.4,5001,3,34.0-35.0,3276630,26213040,0,0,0,0
20181107190302.150,10.0.1.1,55376,10.0.2.4,5001,3,35.0-36.0,3278100,26224800,0,0,0,0
20181107190303.145,10.0.1.1,55376,10.0.2.4,5001,3,36.0-37.0,3276630,26213040,0,0,0,0
20181107190304.151,10.0.1.1,55376,10.0.2.4,5001,3,37.0-38.0,3276630,26213040,0,0,0,0
20181107190305.146,10.0.1.1,55376,10.0.2.4,5001,3,38.0-39.0,3276630,26213040,0,0,0,0
20181107190306.152,10.0.1.1,55376,10.0.2.4,5001,3,39.0-40.0,3276630,26213040,0,0,0,0
20181107190307.147,10.0.1.1,55376,10.0.2.4,5001,3,40.0-41.0,3276630,26213040,0,0,0,0
20181107190308.142,10.0.1.1,55376,10.0.2.4,5001,3,41.0-42.0,3276630,26213040,0,0,0,0
20181107190309.148,10.0.1.1,55376,10.0.2.4,5001,3,42.0-43.0,3276630,26213040,0,0,0,0
20181107190310.143,10.0.1.1,55376,10.0.2.4,5001,3,43.0-44.0,3276630,26213040,0,0,0,0
20181107190311.148,10.0.1.1,55376,10.0.2.4,5001,3,44.0-45.0,3278100,26224800,0,0,0,0
20181107190312.144,10.0.1.1,55376,10.0.2.4,5001,3,45.0-46.0,3276630,26213040,0,0,0,0
20181107190313.149,10.0.1.1,55376,10.0.2.4,5001,3,46.0-47.0,3276630,26213040,0,0,0,0
20181107190314.144,10.0.1.1,55376,10.0.2.4,5001,3,47.0-48.0,3276630,26213040,0,0,0,0
20181107190315.149,10.0.1.1,55376,10.0.2.4,5001,3,48.0-49.0,3276630,26213040,0,0,0,0
20181107190316.145,10.0.1.1,55376,10.0.2.4,5001,3,49.0-50.0,3276630,26213040,0,0,0,0
20181107190317.150,10.0.1.1,55376,10.0.2.4,5001,3,50.0-51.0,3276630,26213040,0,0,0,0
20181107190318.145,10.0.1.1,55376,10.0.2.4,5001,3,51.0-52.0,3276630,26213040,0,0,0,0
20181107190319.150,10.0.1.1,55376,10.0.2.4,5001,3,52.0-53.0,3278100,26224800,0,0,0,0
20181107190320.146,10.0.1.1,55376,10.0.2.4,5001,3,53.0-54.0,3276630,26213040,0,0,0,0
20181107190321.151,10.0.1.1,55376,10.0.2.4,5001,3,54.0-55.0,3276630,26213040,0,0,0,0
20181107190322.146,10.0.1.1,55376,10.0.2.4,5001,3,55.0-56.0,3276630,26213040,0,0,0,0
20181107190323.152,10.0.1.1,55376,10.0.2.4,5001,3,56.0-57.0,3276630,26213040,0,0,0,0
20181107190324.147,10.0.1.1,55376,10.0.2.4,5001,3,57.0-58.0,3276630,26213040,0,0,0,0
20181107190325.142,10.0.1.1,55376,10.0.2.4,5001,3,58.0-59.0,3276630,26213040,0,0,0,0
20181107190326.147,10.0.1.1,55376,10.0.2.4,5001,3,59.0-60.0,3276630,26213040,0,0,0,0
20181107190327.143,10.0.1.1,55376,10.0.2.4,5001,3,60.0-61.0,3276630,26213040,0,0,0,0
20181107190328.148,10.0.1.1,55376,10.0.2.4,5001,3,61.0-62.0,3278100,26224800,0,0,0,0
20181107190329.143,10.0.1.1,55376,10.0.2.4,5001,3,62.0-63.0,3276630,26213040,0,0,0,0
20181107190330.148,10.0.1.1,55376,10.0.2.4,5001,3,63.0-64.0,3276630,26213040,0,0,0,0
20181107190331.144,10.0.1.1,55376,10.0.2.4,5001,3,64.0-65.0,3276630,26213040,0,0,0,0
20181107190332.149,10.0.1.1,55376,10.0.2.4,5001,3,65.0-66.0,3276630,26213040,0,0,0,0
20181107190333.144,10.0.1.1,55376,10.0.2.4,5001,3,66.0-67.0,3276630,26213040,0,0,0,0
20181107190334.149,10.0.1.1,55376,10.0.2.4,5001,3,67.0-68.0,3276630,26213040,0,0,0,0
20181107190335.145,10.0.1.1,55376,10.0.2.4,5001,3,68.0-69.0,3276630,26213040,0,0,0,0
20181107190336.150,10.0.1.1,55376,10.0.2.4,5001,3,69.0-70.0,3276630,26213040,0,0,0,0
20181107190337.145,10.0.1.1,55376,10.0.2.4,5001,3,70.0-71.0,3278100,26224800,0,0,0,0
20181107190338.151,10.0.1.1,55376,10.0.2.4,5001,3,71.0-72.0,3276630,26213040,0,0,0,0
20181107190339.146,10.0.1.1,55376,10.0.2.4,5001,3,72.0-73.0,3276630,26213040,0,0,0,0
20181107190340.151,10.0.1.1,55376,10.0.2.4,5001,3,73.0-74.0,3276630,26213040,0,0,0,0
20181107190341.146,10.0.1.1,55376,10.0.2.4,5001,3,74.0-75.0,3276630,26213040,0,0,0,0
20181107190342.151,10.0.1.1,55376,10.0.2.4,5001,3,75.0-76.0,3276630,26213040,0,0,0,0
20181107190343.146,10.0.1.1,55376,10.0.2.4,5001,3,76.0-77.0,3276630,26213040,0,0,0,0
20181107190344.151,10.0.1.1,55376,10.0.2.4,5001,3,77.0-78.0,3276630,26213040,0,0,0,0
20181107190345.147,10.0.1.1,55376,10.0.2.4,5001,3,78.0-79.0,3278100,26224800,0,0,0,0
20181107190346.152,10.0.1.1,55376,10.0.2.4,5001,3,79.0-80.0,3276630,26213040,0,0,0,0
20181107190347.147,10.0.1.1,55376,10.0.2.4,5001,3,80.0-81.0,3276630,26213040,0,0,0,0
20181107190348.142,10.0.1.1,55376,10.0.2.4,5001,3,81.0-82.0,3276630,26213040,0,0,0,0
20181107190349.148,10.0.1.1,55376,10.0.2.4,5001,3,82.0-83.0,3276630,26213040,0,0,0,0
20181107190350.143,10.0.1.1,55376,10.0.2.4,5001,3,83.0-84.0,3276630,26213040,0,0,0,0
20181107190351.149,10.0.1.1,55376,10.0.2.4,5001,3,84.0-85.0,3276630,26213040,0,0,0,0
20181107190352.144,10.0.1.1,55376,10.0.2.4,5001,3,85.0-86.0,3276630,26213040,0,0,0,0
20181107190353.149,10.0.1.1,55376,10.0.2.4,5001,3,86.0-87.0,3276630,26213040,0,0,0,0
20181107190354.144,10.0.1.1,55376,10.0.2.4,5001,3,87.0-88.0,3278100,26224800,0,0,0,0
20181107190355.149,10.0.1.1,55376,10.0.2.4,5001,3,88.0-89.0,3276630,26213040,0,0,0,0
20181107190356.144,10.0.1.1,55376,10.0.2.4,5001,3,89.0-90.0,3276630,26213040,0,0,0,0
20181107190357.149,10.0.1.1,55376,10.0.2.4,5001,3,90.0-91.0,3276630,26213040,0,0,0,0
20181107190358.145,10.0.1.1,55376,10.0.2.4,5001,3,91.0-92.0,3276630,26213040,0,0,0,0
20181107190359.150,10.0.1.1,55376,10.0.2.4,5001,3,92.0-93.0,3276630,26213040,0,0,0,0
20181107190400.146,10.0.1.1,55376,10.0.2.4,5001,3,93.0-94.0,3276630,26213040,0,0,0,0
20181107190401.151,10.0.1.1,55376,10.0.2.4,5001,3,94.0-95.0,3276630,26213040,0,0,0,0
20181107190402.147,10.0.1.1,55376,10.0.2.4,5001,3,95.0-96.0,3278100,26224800,0,0,0,0
20181107190403.142,10.0.1.1,55376,10.0.2.4,5001,3,96.0-97.0,3276630,26213040,0,0,0,0
20181107190404.148,10.0.1.1,55376,10.0.2.4,5001,3,97.0-98.0,3276630,26213040,0,0,0,0
20181107190405.143,10.0.1.1,55376,10.0.2.4,5001,3,98.0-99.0,3276630,26213040,0,0,0,0
20181107190406.148,10.0.1.1,55376,10.0.2.4,5001,3,99.0-100.0,3276630,26213040,0,0,0,0
20181107190407.144,10.0.1.1,55376,10.0.2.4,5001,3,100.0-101.0,3276630,26213040,0,0,0,0
20181107190408.150,10.0.1.1,55376,10.0.2.4,5001,3,101.0-102.0,3276630,26213040,0,0,0,0
20181107190409.145,10.0.1.1,55376,10.0.2.4,5001,3,102.0-103.0,3276630,26213040,0,0,0,0
20181107190410.150,10.0.1.1,55376,10.0.2.4,5001,3,103.0-104.0,3276630,26213040,0,0,0,0
20181107190411.146,10.0.1.1,55376,10.0.2.4,5001,3,104.0-105.0,3278100,26224800,0,0,0,0
20181107190412.151,10.0.1.1,55376,10.0.2.4,5001,3,105.0-106.0,3276630,26213040,0,0,0,0
20181107190413.147,10.0.1.1,55376,10.0.2.4,5001,3,106.0-107.0,3276630,26213040,0,0,0,0
20181107190414.142,10.0.1.1,55376,10.0.2.4,5001,3,107.0-108.0,3276630,26213040,0,0,0,0
20181107190415.148,10.0.1.1,55376,10.0.2.4,5001,3,108.0-109.0,3276630,26213040,0,0,0,0
20181107190416.143,10.0.1.1,55376,10.0.2.4,5001,3,109.0-110.0,3276630,26213040,0,0,0,0
20181107190417.149,10.0.1.1,55376,10.0.2.4,5001,3,110.0-111.0,3276630,26213040,0,0,0,0
20181107190418.144,10.0.1.1,55376,10.0.2.4,5001,3,111.0-112.0,3276630,26213040,0,0,0,0
20181107190419.149,10.0.1.1,55376,10.0.2.4,5001,3,112.0-113.0,3276630,26213040,0,0,0,0
20181107190420.145,10.0.1.1,55376,10.0.2.4,5001,3,113.0-114.0,3278100,26224800,0,0,0,0
20181107190421.150,10.0.1.1,55376,10.0.2.4,5001,3,114.0-115.0,3276630,26213040,0,0,0,0
20181107190422.146,10.0.1.1,55376,10.0.2.4,5001,3,115.0-116.0,3276630,26213040,0,0,0,0
20181107190423.151,10.0.1.1,55376,10.0.2.4,5001,3,116.0-117.0,3276630,26213040,0,0,0,0
20181107190424.147,10.0.1.1,55376,10.0.2.4,5001,3,117.0-118.0,3276630,26213040,0,0,0,0
20181107190425.142,10.0.1.1,55376,10.0.2.4,5001,3,118.0-119.0,3276630,26213040,0,0,0,0
20181107190426.147,10.0.1.1,55376,10.0.2.4,5001,3,119.0-120.0,3276630,26213040,0,0,0,0
20181107190427.143,10.0.1.1,55376,10.0.2.4,5001,3,120.0-121.0,3276630,26213040,0,0,0,0
20181107190428.148,10.0.1.1,55376,10.0.2.4,5001,3,121.0-122.0,3276630,26213040,0,0,0,0
20181107190429.143,10.0.1.1,55376,10.0.2.4,5001,3,122.0-123.0,3278100,26224800,0,0,0,0
20181107190430.149,10.0.1.1,55376,10.0.2.4,5001,3,123.0-124.0,3276630,26213040,0,0,0,0
20181107190431.144,10.0.1.1,55376,10.0.2.4,5001,3,124.0-125.0,3276630,26213040,0,0,0,0
20181107190432.149,10.0.1.1,55376,10.0.2.4,5001,3,125.0-126.0,3276630,26213040,0,0,0,0
20181107190433.145,10.0.1.1,55376,10.0.2.4,5001,3,126.0-127.0,3276630,26213040,0,0,0,0
20181107190434.151,10.0.1.1,55376,10.0.2.4,5001,3,127.0-128.0,3276630,26213040,0,0,0,0
20181107190435.146,10.0.1.1,55376,10.0.2.4,5001,3,128.0-129.0,3276630,26213040,0,0,0,0
20181107190436.151,10.0.1.1,55376,10.0.2.4,5001,3,129.0-130.0,3276630,26213040,0,0,0,0
20181107190437.147,10.0.1.1,55376,10.0.2.4,5001,3,130.0-131.0,3278100,26224800,0,0,0,0
20181107190438.142,10.0.1.1,55376,10.0.2.4,5001,3,131.0-132.0,3276630,26213040,0,0,0,0
20181107190439.148,10.0.1.1,55376,10.0.2.4,5001,3,132.0-133.0,3276630,26213040,0,0,0,0
20181107190440.143,10.0.1.1,55376,10.0.2.4,5001,3,133.0-134.0,3276630,26213040,0,0,0,0
20181107190441.149,10.0.1.1,55376,10.0.2.4,5001,3,134.0-135.0,3276630,26213040,0,0,0,0
20181107190442.144,10.0.1.1,55376,10.0.2.4,5001,3,135.0-136.0,3276630,26213040,0,0,0,0
20181107190443.150,10.0.1.1,55376,10.0.2.4,5001,3,136.0-137.0,3276630,26213040,0,0,0,0
20181107190444.145,10.0.1.1,55376,10.0.2.4,5001,3,137.0-138.0,3276630,26213040,0,0,0,0
20181107190445.150,10.0.1.1,55376,10.0.2.4,5001,3,138.0-139.0,3276630,26213040,0,0,0,0
20181107190446.146,10.0.1.1,55376,10.0.2.4,5001,3,139.0-140.0,3278100,26224800,0,0,0,0
20181107190447.151,10.0.1.1,55376,10.0.2.4,5001,3,140.0-141.0,3276630,26213040,0,0,0,0
20181107190448.147,10.0.1.1,55376,10.0.2.4,5001,3,141.0-142.0,3276630,26213040,0,0,0,0
20181107190449.152,10.0.1.1,55376,10.0.2.4,5001,3,142.0-143.0,3276630,26213040,0,0,0,0
20181107190450.148,10.0.1.1,55376,10.0.2.4,5001,3,143.0-144.0,3276630,26213040,0,0,0,0
20181107190451.143,10.0.1.1,55376,10.0.2.4,5001,3,144.0-145.0,3276630,26213040,0,0,0,0
20181107190452.149,10.0.1.1,55376,10.0.2.4,5001,3,145.0-146.0,3276630,26213040,0,0,0,0
20181107190453.144,10.0.1.1,55376,10.0.2.4,5001,3,146.0-147.0,3276630,26213040,0,0,0,0
20181107190454.149,10.0.1.1,55376,10.0.2.4,5001,3,147.0-148.0,3278100,26224800,0,0,0,0
20181107190455.145,10.0.1.1,55376,10.0.2.4,5001,3,148.0-149.0,3276630,26213040,0,0,0,0
20181107190456.150,10.0.1.1,55376,10.0.2.4,5001,3,149.0-150.0,3276630,26213040,0,0,0,0
20181107190457.146,10.0.1.1,55376,10.0.2.4,5001,3,150.0-151.0,3276630,26213040,0,0,0,0
20181107190458.151,10.0.1.1,55376,10.0.2.4,5001,3,151.0-152.0,3276630,26213040,0,0,0,0
20181107190459.147,10.0.1.1,55376,10.0.2.4,5001,3,152.0-153.0,3276630,26213040,0,0,0,0
20181107190500.142,10.0.1.1,55376,10.0.2.4,5001,3,153.0-154.0,3276630,26213040,0,0,0,0
20181107190501.148,10.0.1.1,55376,10.0.2.4,5001,3,154.0-155.0,3276630,26213040,0,0,0,0
20181107190502.143,10.0.1.1,55376,10.0.2.4,5001,3,155.0-156.0,3276630,26213040,0,0,0,0
20181107190503.149,10.0.1.1,55376,10.0.2.4,5001,3,156.0-157.0,3278100,26224800,0,0,0,0
20181107190504.144,10.0.1.1,55376,10.0.2.4,5001,3,157.0-158.0,3276630,26213040,0,0,0,0
20181107190505.149,10.0.1.1,55376,10.0.2.4,5001,3,158.0-159.0,3276630,26213040,0,0,0,0
20181107190506.145,10.0.1.1,55376,10.0.2.4,5001,3,159.0-160.0,3276630,26213040,0,0,0,0
20181107190507.150,10.0.1.1,55376,10.0.2.4,5001,3,160.0-161.0,3276630,26213040,0,0,0,0
20181107190508.146,10.0.1.1,55376,10.0.2.4,5001,3,161.0-162.0,3276630,26213040,0,0,0,0
20181107190509.151,10.0.1.1,55376,10.0.2.4,5001,3,162.0-163.0,3276630,26213040,0,0,0,0
20181107190510.146,10.0.1.1,55376,10.0.2.4,5001,3,163.0-164.0,3276630,26213040,0,0,0,0
20181107190511.151,10.0.1.1,55376,10.0.2.4,5001,3,164.0-165.0,3276630,26213040,0,0,0,0
20181107190512.147,10.0.1.1,55376,10.0.2.4,5001,3,165.0-166.0,3278100,26224800,0,0,0,0
20181107190513.152,10.0.1.1,55376,10.0.2.4,5001,3,166.0-167.0,3276630,26213040,0,0,0,0
20181107190514.148,10.0.1.1,55376,10.0.2.4,5001,3,167.0-168.0,3276630,26213040,0,0,0,0
20181107190515.143,10.0.1.1,55376,10.0.2.4,5001,3,168.0-169.0,3276630,26213040,0,0,0,0
20181107190516.148,10.0.1.1,55376,10.0.2.4,5001,3,169.0-170.0,3276630,26213040,0,0,0,0
20181107190517.144,10.0.1.1,55376,10.0.2.4,5001,3,170.0-171.0,3276630,26213040,0,0,0,0
20181107190518.149,10.0.1.1,55376,10.0.2.4,5001,3,171.0-172.0,3276630,26213040,0,0,0,0
20181107190519.145,10.0.1.1,55376,10.0.2.4,5001,3,172.0-173.0,3276630,26213040,0,0,0,0
20181107190520.150,10.0.1.1,55376,10.0.2.4,5001,3,173.0-174.0,3278100,26224800,0,0,0,0
20181107190521.146,10.0.1.1,55376,10.0.2.4,5001,3,174.0-175.0,3276630,26213040,0,0,0,0
20181107190522.151,10.0.1.1,55376,10.0.2.4,5001,3,175.0-176.0,3276630,26213040,0,0,0,0
20181107190523.146,10.0.1.1,55376,10.0.2.4,5001,3,176.0-177.0,3276630,26213040,0,0,0,0
20181107190524.152,10.0.1.1,55376,10.0.2.4,5001,3,177.0-178.0,3276630,26213040,0,0,0,0
20181107190525.147,10.0.1.1,55376,10.0.2.4,5001,3,178.0-179.0,3276630,26213040,0,0,0,0
20181107190526.143,10.0.1.1,55376,10.0.2.4,5001,3,179.0-180.0,3276630,26213040,0,0,0,0
20181107190527.148,10.0.1.1,55376,10.0.2.4,5001,3,180.0-181.0,3276630,26213040,0,0,0,0
20181107190528.143,10.0.1.1,55376,10.0.2.4,5001,3,181.0-182.0,3276630,26213040,0,0,0,0
20181107190529.149,10.0.1.1,55376,10.0.2.4,5001,3,182.0-183.0,3278100,26224800,0,0,0,0
20181107190530.144,10.0.1.1,55376,10.0.2.4,5001,3,183.0-184.0,3276630,26213040,0,0,0,0
20181107190531.149,10.0.1.1,55376,10.0.2.4,5001,3,184.0-185.0,3276630,26213040,0,0,0,0
20181107190532.144,10.0.1.1,55376,10.0.2.4,5001,3,185.0-186.0,3276630,26213040,0,0,0,0
20181107190533.150,10.0.1.1,55376,10.0.2.4,5001,3,186.0-187.0,3276630,26213040,0,0,0,0
20181107190534.145,10.0.1.1,55376,10.0.2.4,5001,3,187.0-188.0,3276630,26213040,0,0,0,0
20181107190535.150,10.0.1.1,55376,10.0.2.4,5001,3,188.0-189.0,3276630,26213040,0,0,0,0
20181107190536.145,10.0.1.1,55376,10.0.2.4,5001,3,189.0-190.0,3276630,26213040,0,0,0,0
20181107190537.150,10.0.1.1,55376,10.0.2.4,5001,3,190.0-191.0,3276630,26213040,0,0,0,0
20181107190538.145,10.0.1.1,55376,10.0.2.4,5001,3,191.0-192.0,3278100,26224800,0,0,0,0
20181107190539.150,10.0.1.1,55376,10.0.2.4,5001,3,192.0-193.0,3276630,26213040,0,0,0,0
20181107190540.146,10.0.1.1,55376,10.0.2.4,5001,3,193.0-194.0,3276630,26213040,0,0,0,0
20181107190541.151,10.0.1.1,55376,10.0.2.4,5001,3,194.0-195.0,3276630,26213040,0,0,0,0
20181107190542.146,10.0.1.1,55376,10.0.2.4,5001,3,195.0-196.0,3276630,26213040,0,0,0,0
20181107190543.151,10.0.1.1,55376,10.0.2.4,5001,3,196.0-197.0,3276630,26213040,0,0,0,0
20181107190544.146,10.0.1.1,55376,10.0.2.4,5001,3,197.0-198.0,3276630,26213040,0,0,0,0
20181107190545.151,10.0.1.1,55376,10.0.2.4,5001,3,198.0-199.0,3276630,26213040,0,0,0,0
20181107190546.146,10.0.1.1,55376,10.0.2.4,5001,3,199.0-200.0,3278100,26224800,0,0,0,0
20181107190547.151,10.0.1.1,55376,10.0.2.4,5001,3,200.0-201.0,3276630,26213040,0,0,0,0
20181107190548.146,10.0.1.1,55376,10.0.2.4,5001,3,201.0-202.0,3276630,26213040,0,0,0,0
20181107190549.151,10.0.1.1,55376,10.0.2.4,5001,3,202.0-203.0,3276630,26213040,0,0,0,0
20181107190550.146,10.0.1.1,55376,10.0.2.4,5001,3,203.0-204.0,3276630,26213040,0,0,0,0
20181107190551.151,10.0.1.1,55376,10.0.2.4,5001,3,204.0-205.0,3276630,26213040,0,0,0,0
20181107190552.146,10.0.1.1,55376,10.0.2.4,5001,3,205.0-206.0,3276630,26213040,0,0,0,0
20181107190553.152,10.0.1.1,55376,10.0.2.4,5001,3,206.0-207.0,3276630,26213040,0,0,0,0
20181107190554.147,10.0.1.1,55376,10.0.2.4,5001,3,207.0-208.0,3276630,26213040,0,0,0,0
20181107190555.152,10.0.1.1,55376,10.0.2.4,5001,3,208.0-209.0,3278100,26224800,0,0,0,0
20181107190556.147,10.0.1.1,55376,10.0.2.4,5001,3,209.0-210.0,3276630,26213040,0,0,0,0
20181107190557.152,10.0.1.1,55376,10.0.2.4,5001,3,210.0-211.0,3276630,26213040,0,0,0,0
20181107190558.147,10.0.1.1,55376,10.0.2.4,5001,3,211.0-212.0,3276630,26213040,0,0,0,0
20181107190559.152,10.0.1.1,55376,10.0.2.4,5001,3,212.0-213.0,3276630,26213040,0,0,0,0
20181107190600.147,10.0.1.1,55376,10.0.2.4,5001,3,213.0-214.0,3276630,26213040,0,0,0,0
20181107190601.142,10.0.1.1,55376,10.0.2.4,5001,3,214.0-215.0,3276630,26213040,0,0,0,0
20181107190602.147,10.0.1.1,55376,10.0.2.4,5001,3,215.0-216.0,3276630,26213040,0,0,0,0
20181107190603.142,10.0.1.1,55376,10.0.2.4,5001,3,216.0-217.0,3276630,26213040,0,0,0,0
20181107190604.147,10.0.1.1,55376,10.0.2.4,5001,3,217.0-218.0,3278100,26224800,0,0,0,0
20181107190605.143,10.0.1.1,55376,10.0.2.4,5001,3,218.0-219.0,3276630,26213040,0,0,0,0
20181107190606.148,10.0.1.1,55376,10.0.2.4,5001,3,219.0-220.0,3276630,26213040,0,0,0,0
20181107190607.143,10.0.1.1,55376,10.0.2.4,5001,3,220.0-221.0,3276630,26213040,0,0,0,0
20181107190608.148,10.0.1.1,55376,10.0.2.4,5001,3,221.0-222.0,3276630,26213040,0,0,0,0
20181107190609.144,10.0.1.1,55376,10.0.2.4,5001,3,222.0-223.0,3276630,26213040,0,0,0,0
20181107190610.149,10.0.1.1,55376,10.0.2.4,5001,3,223.0-224.0,3276630,26213040,0,0,0,0
20181107190611.144,10.0.1.1,55376,10.0.2.4,5001,3,224.0-225.0,3276630,26213040,0,0,0,0
20181107190612.149,10.0.1.1,55376,10.0.2.4,5001,3,225.0-226.0,3278100,26224800,0,0,0,0
20181107190613.144,10.0.1.1,55376,10.0.2.4,5001,3,226.0-227.0,3276630,26213040,0,0,0,0
20181107190614.149,10.0.1.1,55376,10.0.2.4,5001,3,227.0-228.0,3276630,26213040,0,0,0,0
20181107190615.144,10.0.1.1,55376,10.0.2.4,5001,3,228.0-229.0,3276630,26213040,0,0,0,0
20181107190616.149,10.0.1.1,55376,10.0.2.4,5001,3,229.0-230.0,3276630,26213040,0,0,0,0
20181107190617.144,10.0.1.1,55376,10.0.2.4,5001,3,230.0-231.0,3276630,26213040,0,0,0,0
20181107190618.149,10.0.1.1,55376,10.0.2.4,5001,3,231.0-232.0,3276630,26213040,0,0,0,0
20181107190619.144,10.0.1.1,55376,10.0.2.4,5001,3,232.0-233.0,3276630,26213040,0,0,0,0
20181107190620.149,10.0.1.1,55376,10.0.2.4,5001,3,233.0-234.0,3278100,26224800,0,0,0,0
20181107190621.144,10.0.1.1,55376,10.0.2.4,5001,3,234.0-235.0,3276630,26213040,0,0,0,0
20181107190622.149,10.0.1.1,55376,10.0.2.4,5001,3,235.0-236.0,3276630,26213040,0,0,0,0
20181107190623.144,10.0.1.1,55376,10.0.2.4,5001,3,236.0-237.0,3276630,26213040,0,0,0,0
20181107190624.149,10.0.1.1,55376,10.0.2.4,5001,3,237.0-238.0,3276630,26213040,0,0,0,0
20181107190625.144,10.0.1.1,55376,10.0.2.4,5001,3,238.0-239.0,3276630,26213040,0,0,0,0
20181107190626.149,10.0.1.1,55376,10.0.2.4,5001,3,239.0-240.0,3276630,26213040,0,0,0,0
20181107190627.143,10.0.1.1,55376,10.0.2.4,5001,3,240.0-241.0,3276630,26213040,0,0,0,0
20181107190628.148,10.0.1.1,55376,10.0.2.4,5001,3,241.0-242.0,3276630,26213040,0,0,0,0
20181107190629.143,10.0.1.1,55376,10.0.2.4,5001,3,242.0-243.0,3276630,26213040,0,0,0,0
20181107190630.149,10.0.1.1,55376,10.0.2.4,5001,3,243.0-244.0,3278100,26224800,0,0,0,0
20181107190631.144,10.0.1.1,55376,10.0.2.4,5001,3,244.0-245.0,3276630,26213040,0,0,0,0
20181107190632.149,10.0.1.1,55376,10.0.2.4,5001,3,245.0-246.0,3276630,26213040,0,0,0,0
20181107190633.144,10.0.1.1,55376,10.0.2.4,5001,3,246.0-247.0,3276630,26213040,0,0,0,0
20181107190634.150,10.0.1.1,55376,10.0.2.4,5001,3,247.0-248.0,3276630,26213040,0,0,0,0
20181107190635.145,10.0.1.1,55376,10.0.2.4,5001,3,248.0-249.0,3276630,26213040,0,0,0,0
20181107190636.150,10.0.1.1,55376,10.0.2.4,5001,3,249.0-250.0,3276630,26213040,0,0,0,0
20181107190637.145,10.0.1.1,55376,10.0.2.4,5001,3,250.0-251.0,3276630,26213040,0,0,0,0
20181107190638.149,10.0.1.1,55376,10.0.2.4,5001,3,251.0-252.0,3278100,26224800,0,0,0,0
20181107190639.145,10.0.1.1,55376,10.0.2.4,5001,3,252.0-253.0,3276630,26213040,0,0,0,0
20181107190640.149,10.0.1.1,55376,10.0.2.4,5001,3,253.0-254.0,3276630,26213040,0,0,0,0
20181107190641.145,10.0.1.1,55376,10.0.2.4,5001,3,254.0-255.0,3276630,26213040,0,0,0,0
20181107190642.150,10.0.1.1,55376,10.0.2.4,5001,3,255.0-256.0,3276630,26213040,0,0,0,0
20181107190643.145,10.0.1.1,55376,10.0.2.4,5001,3,256.0-257.0,3276630,26213040,0,0,0,0
20181107190644.150,10.0.1.1,55376,10.0.2.4,5001,3,257.0-258.0,3276630,26213040,0,0,0,0
20181107190645.145,10.0.1.1,55376,10.0.2.4,5001,3,258.0-259.0,3276630,26213040,0,0,0,0
20181107190646.150,10.0.1.1,55376,10.0.2.4,5001,3,259.0-260.0,3276630,26213040,0,0,0,0
20181107190647.145,10.0.1.1,55376,10.0.2.4,5001,3,260.0-261.0,3278100,26224800,0,0,0,0
20181107190648.150,10.0.1.1,55376,10.0.2.4,5001,3,261.0-262.0,3276630,26213040,0,0,0,0
20181107190649.145,10.0.1.1,55376,10.0.2.4,5001,3,262.0-263.0,3276630,26213040,0,0,0,0
20181107190650.151,10.0.1.1,55376,10.0.2.4,5001,3,263.0-264.0,3276630,26213040,0,0,0,0
20181107190651.145,10.0.1.1,55376,10.0.2.4,5001,3,264.0-265.0,3276630,26213040,0,0,0,0
20181107190652.150,10.0.1.1,55376,10.0.2.4,5001,3,265.0-266.0,3276630,26213040,0,0,0,0
20181107190653.146,10.0.1.1,55376,10.0.2.4,5001,3,266.0-267.0,3276630,26213040,0,0,0,0
20181107190654.151,10.0.1.1,55376,10.0.2.4,5001,3,267.0-268.0,3276630,26213040,0,0,0,0
20181107190655.146,10.0.1.1,55376,10.0.2.4,5001,3,268.0-269.0,3278100,26224800,0,0,0,0
20181107190656.404,10.0.1.1,55376,10.0.2.4,5001,3,0.0-270.0,884737140,26214397,0,0,0,0
20181107190656.404,10.0.2.4,5001,10.0.1.1,55376,3,0.0-270.3,659834490,19532450,12.350,152994,601861,25.420,1,27.986,0.113,251.780,0.043
