20181107204642.156,10.0.2.5,52938,10.0.4.11,5001,3,0.0-1.0,3279570,26236560,0,0,0,0
20181107204643.150,10.0.2.5,52938,10.0.4.11,5001,3,1.0-2.0,3276630,26213040,0,0,0,0
20181107204644.156,10.0.2.5,52938,10.0.4.11,5001,3,2.0-3.0,3276630,26213040,0,0,0,0
20181107204645.151,10.0.2.5,52938,10.0.4.11,5001,3,3.0-4.0,3276630,26213040,0,0,0,0
20181107204646.156,10.0.2.5,52938,10.0.4.11,5001,3,4.0-5.0,3276630,26213040,0,0,0,0
20181107204647.150,10.0.2.5,52938,10.0.4.11,5001,3,5.0-6.0,3276630,26213040,0,0,0,0
20181107204648.155,10.0.2.5,52938,10.0.4.11,5001,3,6.0-7.0,3276630,26213040,0,0,0,0
20181107204649.160,10.0.2.5,52938,10.0.4.11,5001,3,7.0-8.0,3276630,26213040,0,0,0,0
20181107204650.155,10.0.2.5,52938,10.0.4.11,5001,3,8.0-9.0,3276630,26213040,0,0,0,0
20181107204651.160,10.0.2.5,52938,10.0.4.11,5001,3,9.0-10.0,3278100,26224800,0,0,0,0
20181107204652.155,10.0.2.5,52938,10.0.4.11,5001,3,10.0-11.0,3276630,26213040,0,0,0,0
20181107204653.150,10.0.2.5,52938,10.0.4.11,5001,3,11.0-12.0,3276630,26213040,0,0,0,0
20181107204654.155,10.0.2.5,52938,10.0.4.11,5001,3,12.0-13.0,3276630,26213040,0,0,0,0
20181107204655.160,10.0.2.5,52938,10.0.4.11,5001,3,13.0-14.0,3276630,26213040,0,0,0,0
20181107204656.155,10.0.2.5,52938,10.0.4.11,5001,3,14.0-15.0,3276630,26213040,0,0,0,0
20181107204657.160,10.0.2.5,52938,10.0.4.11,5001,3,15.0-16.0,3276630,26213040,0,0,0,0
20181107204658.155,10.0.2.5,52938,10.0.4.11,5001,3,16.0-17.0,3276630,26213040,0,0,0,0
20181107204659.160,10.0.2.5,52938,10.0.4.11,5001,3,17.0-18.0,3276630,26213040,0,0,0,0
20181107204700.155,10.0.2.5,52938,10.0.4.11,5001,3,18.0-19.0,3278100,26224800,0,0,0,0
20181107204701.160,10.0.2.5,52938,10.0.4.11,5001,3,19.0-20.0,3276630,26213040,0,0,0,0
20181107204702.155,10.0.2.5,52938,10.0.4.11,5001,3,20.0-21.0,3276630,26213040,0,0,0,0
20181107204703.150,10.0.2.5,52938,10.0.4.11,5001,3,21.0-22.0,3276630,26213040,0,0,0,0
20181107204704.155,10.0.2.5,52938,10.0.4.11,5001,3,22.0-23.0,3276630,26213040,0,0,0,0
20181107204705.150,10.0.2.5,52938,10.0.4.11,5001,3,23.0-24.0,3276630,26213040,0,0,0,0
20181107204706.155,10.0.2.5,52938,10.0.4.11,5001,3,24.0-25.0,3276630,26213040,0,0,0,0
20181107204707.150,10.0.2.5,52938,10.0.4.11,5001,3,25.0-26.0,3276630,26213040,0,0,0,0
20181107204708.156,10.0.2.5,52938,10.0.4.11,5001,3,26.0-27.0,3278100,26224800,0,0,0,0
20181107204709.151,10.0.2.5,52938,10.0.4.11,5001,3,27.0-28.0,3276630,26213040,0,0,0,0
20181107204710.156,10.0.2.5,52938,10.0.4.11,5001,3,28.0-29.0,3276630,26213040,0,0,0,0
20181107204711.151,10.0.2.5,52938,10.0.4.11,5001,3,29.0-30.0,3276630,26213040,0,0,0,0
20181107204712.155,10.0.2.5,52938,10.0.4.11,5001,3,30.0-31.0,3276630,26213040,0,0,0,0
20181107204713.150,10.0.2.5,52938,10.0.4.11,5001,3,31.0-32.0,3276630,26213040,0,0,0,0
20181107204714.155,10.0.2.5,52938,10.0.4.11,5001,3,32.0-33.0,3276630,26213040,0,0,0,0
20181107204715.160,10.0.2.5,52938,10.0.4.11,5001,3,33.0-34.0,3276630,26213040,0,0,0,0
20181107204716.155,10.0.2.5,52938,10.0.4.11,5001,3,34.0-35.0,3278100,26224800,0,0,0,0
20181107204717.160,10.0.2.5,52938,10.0.4.11,5001,3,35.0-36.0,3276630,26213040,0,0,0,0
20181107204718.155,10.0.2.5,52938,10.0.4.11,5001,3,36.0-37.0,3276630,26213040,0,0,0,0
20181107204719.160,10.0.2.5,52938,10.0.4.11,5001,3,37.0-38.0,3276630,26213040,0,0,0,0
20181107204720.155,10.0.2.5,52938,10.0.4.11,5001,3,38.0-39.0,3276630,26213040,0,0,0,0
20181107204721.150,10.0.2.5,52938,10.0.4.11,5001,3,39.0-40.0,3276630,26213040,0,0,0,0
20181107204722.155,10.0.2.5,52938,10.0.4.11,5001,3,40.0-41.0,3276630,26213040,0,0,0,0
20181107204723.160,10.0.2.5,52938,10.0.4.11,5001,3,41.0-42.0,3276630,26213040,0,0,0,0
20181107204724.155,10.0.2.5,52938,10.0.4.11,5001,3,42.0-43.0,3276630,26213040,0,0,0,0
20181107204725.160,10.0.2.5,52938,10.0.4.11,5001,3,43.0-44.0,3276630,26213040,0,0,0,0
20181107204726.155,10.0.2.5,52938,10.0.4.11,5001,3,44.0-45.0,3278100,26224800,0,0,0,0
20181107204727.150,10.0.2.5,52938,10.0.4.11,5001,3,45.0-46.0,3276630,26213040,0,0,0,0
20181107204728.156,10.0.2.5,52938,10.0.4.11,5001,3,46.0-47.0,3276630,26213040,0,0,0,0
20181107204729.151,10.0.2.5,52938,10.0.4.11,5001,3,47.0-48.0,3276630,26213040,0,0,0,0
20181107204730.155,10.0.2.5,52938,10.0.4.11,5001,3,48.0-49.0,3276630,26213040,0,0,0,0
20181107204731.151,10.0.2.5,52938,10.0.4.11,5001,3,49.0-50.0,3276630,26213040,0,0,0,0
20181107204732.156,10.0.2.5,52938,10.0.4.11,5001,3,50.0-51.0,3276630,26213040,0,0,0,0
20181107204733.151,10.0.2.5,52938,10.0.4.11,5001,3,51.0-52.0,3276630,26213040,0,0,0,0
20181107204734.156,10.0.2.5,52938,10.0.4.11,5001,3,52.0-53.0,3278100,26224800,0,0,0,0
20181107204735.151,10.0.2.5,52938,10.0.4.11,5001,3,53.0-54.0,3276630,26213040,0,0,0,0
20181107204736.156,10.0.2.5,52938,10.0.4.11,5001,3,54.0-55.0,3276630,26213040,0,0,0,0
20181107204737.151,10.0.2.5,52938,10.0.4.11,5001,3,55.0-56.0,3276630,26213040,0,0,0,0
20181107204738.156,10.0.2.5,52938,10.0.4.11,5001,3,56.0-57.0,3276630,26213040,0,0,0,0
20181107204739.150,10.0.2.5,52938,10.0.4.11,5001,3,57.0-58.0,3276630,26213040,0,0,0,0
20181107204740.155,10.0.2.5,52938,10.0.4.11,5001,3,58.0-59.0,3276630,26213040,0,0,0,0
20181107204741.159,10.0.2.5,52938,10.0.4.11,5001,3,59.0-60.0,3276630,26213040,0,0,0,0
20181107204742.154,10.0.2.5,52938,10.0.4.11,5001,3,60.0-61.0,3276630,26213040,0,0,0,0
20181107204743.159,10.0.2.5,52938,10.0.4.11,5001,3,61.0-62.0,3278100,26224800,0,0,0,0
20181107204744.155,10.0.2.5,52938,10.0.4.11,5001,3,62.0-63.0,3276630,26213040,0,0,0,0
20181107204745.160,10.0.2.5,52938,10.0.4.11,5001,3,63.0-64.0,3276630,26213040,0,0,0,0
20181107204746.155,10.0.2.5,52938,10.0.4.11,5001,3,64.0-65.0,3276630,26213040,0,0,0,0
20181107204747.160,10.0.2.5,52938,10.0.4.11,5001,3,65.0-66.0,3276630,26213040,0,0,0,0
20181107204748.156,10.0.2.5,52938,10.0.4.11,5001,3,66.0-67.0,3276630,26213040,0,0,0,0
20181107204749.151,10.0.2.5,52938,10.0.4.11,5001,3,67.0-68.0,3276630,26213040,0,0,0,0
20181107204750.156,10.0.2.5,52938,10.0.4.11,5001,3,68.0-69.0,3276630,26213040,0,0,0,0
20181107204751.152,10.0.2.5,52938,10.0.4.11,5001,3,69.0-70.0,3278100,26224800,0,0,0,0
20181107204752.157,10.0.2.5,52938,10.0.4.11,5001,3,70.0-71.0,3276630,26213040,0,0,0,0
20181107204753.152,10.0.2.5,52938,10.0.4.11,5001,3,71.0-72.0,3276630,26213040,0,0,0,0
20181107204754.156,10.0.2.5,52938,10.0.4.11,5001,3,72.0-73.0,3276630,26213040,0,0,0,0
20181107204755.151,10.0.2.5,52938,10.0.4.11,5001,3,73.0-74.0,3276630,26213040,0,0,0,0
20181107204756.156,10.0.2.5,52938,10.0.4.11,5001,3,74.0-75.0,3276630,26213040,0,0,0,0
20181107204757.151,10.0.2.5,52938,10.0.4.11,5001,3,75.0-76.0,3276630,26213040,0,0,0,0
20181107204758.156,10.0.2.5,52938,10.0.4.11,5001,3,76.0-77.0,3276630,26213040,0,0,0,0
20181107204759.151,10.0.2.5,52938,10.0.4.11,5001,3,77.0-78.0,3276630,26213040,0,0,0,0
20181107204800.157,10.0.2.5,52938,10.0.4.11,5001,3,78.0-79.0,3278100,26224800,0,0,0,0
20181107204801.152,10.0.2.5,52938,10.0.4.11,5001,3,79.0-80.0,3276630,26213040,0,0,0,0
20181107204802.156,10.0.2.5,52938,10.0.4.11,5001,3,80.0-81.0,3276630,26213040,0,0,0,0
20181107204803.151,10.0.2.5,52938,10.0.4.11,5001,3,81.0-82.0,3276630,26213040,0,0,0,0
20181107204804.156,10.0.2.5,52938,10.0.4.11,5001,3,82.0-83.0,3276630,26213040,0,0,0,0
20181107204805.151,10.0.2.5,52938,10.0.4.11,5001,3,83.0-84.0,3276630,26213040,0,0,0,0
20181107204806.157,10.0.2.5,52938,10.0.4.11,5001,3,84.0-85.0,3276630,26213040,0,0,0,0
20181107204807.151,10.0.2.5,52938,10.0.4.11,5001,3,85.0-86.0,3276630,26213040,0,0,0,0
20181107204808.156,10.0.2.5,52938,10.0.4.11,5001,3,86.0-87.0,3276630,26213040,0,0,0,0
20181107204809.151,10.0.2.5,52938,10.0.4.11,5001,3,87.0-88.0,3278100,26224800,0,0,0,0
20181107204810.156,10.0.2.5,52938,10.0.4.11,5001,3,88.0-89.0,3276630,26213040,0,0,0,0
20181107204811.150,10.0.2.5,52938,10.0.4.11,5001,3,89.0-90.0,3276630,26213040,0,0,0,0
20181107204812.155,10.0.2.5,52938,10.0.4.11,5001,3,90.0-91.0,3276630,26213040,0,0,0,0
20181107204813.151,10.0.2.5,52938,10.0.4.11,5001,3,91.0-92.0,3276630,26213040,0,0,0,0
20181107204814.156,10.0.2.5,52938,10.0.4.11,5001,3,92.0-93.0,3276630,26213040,0,0,0,0
20181107204815.151,10.0.2.5,52938,10.0.4.11,5001,3,93.0-94.0,3276630,26213040,0,0,0,0
20181107204816.156,10.0.2.5,52938,10.0.4.11,5001,3,94.0-95.0,3276630,26213040,0,0,0,0
20181107204817.151,10.0.2.5,52938,10.0.4.11,5001,3,95.0-96.0,3278100,26224800,0,0,0,0
20181107204818.156,10.0.2.5,52938,10.0.4.11,5001,3,96.0-97.0,3276630,26213040,0,0,0,0
20181107204819.151,10.0.2.5,52938,10.0.4.11,5001,3,97.0-98.0,3276630,26213040,0,0,0,0
20181107204820.156,10.0.2.5,52938,10.0.4.11,5001,3,98.0-99.0,3276630,26213040,0,0,0,0
20181107204821.151,10.0.2.5,52938,10.0.4.11,5001,3,99.0-100.0,3276630,26213040,0,0,0,0
20181107204822.156,10.0.2.5,52938,10.0.4.11,5001,3,100.0-101.0,3276630,26213040,0,0,0,0
20181107204823.151,10.0.2.5,52938,10.0.4.11,5001,3,101.0-102.0,3276630,26213040,0,0,0,0
20181107204824.156,10.0.2.5,52938,10.0.4.11,5001,3,102.0-103.0,3276630,26213040,0,0,0,0
20181107204825.152,10.0.2.5,52938,10.0.4.11,5001,3,103.0-104.0,3276630,26213040,0,0,0,0
20181107204826.157,10.0.2.5,52938,10.0.4.11,5001,3,104.0-105.0,3278100,26224800,0,0,0,0
20181107204827.152,10.0.2.5,52938,10.0.4.11,5001,3,105.0-106.0,3276630,26213040,0,0,0,0
20181107204828.157,10.0.2.5,52938,10.0.4.11,5001,3,106.0-107.0,3276630,26213040,0,0,0,0
20181107204829.152,10.0.2.5,52938,10.0.4.11,5001,3,107.0-108.0,3276630,26213040,0,0,0,0
20181107204830.157,10.0.2.5,52938,10.0.4.11,5001,3,108.0-109.0,3276630,26213040,0,0,0,0
20181107204831.152,10.0.2.5,52938,10.0.4.11,5001,3,109.0-110.0,3276630,26213040,0,0,0,0
20181107204832.157,10.0.2.5,52938,10.0.4.11,5001,3,110.0-111.0,3276630,26213040,0,0,0,0
20181107204833.152,10.0.2.5,52938,10.0.4.11,5001,3,111.0-112.0,3276630,26213040,0,0,0,0
20181107204834.158,10.0.2.5,52938,10.0.4.11,5001,3,112.0-113.0,3276630,26213040,0,0,0,0
20181107204835.153,10.0.2.5,52938,10.0.4.11,5001,3,113.0-114.0,3278100,26224800,0,0,0,0
20181107204836.159,10.0.2.5,52938,10.0.4.11,5001,3,114.0-115.0,3276630,26213040,0,0,0,0
20181107204837.154,10.0.2.5,52938,10.0.4.11,5001,3,115.0-116.0,3276630,26213040,0,0,0,0
20181107204838.159,10.0.2.5,52938,10.0.4.11,5001,3,116.0-117.0,3276630,26213040,0,0,0,0
20181107204839.154,10.0.2.5,52938,10.0.4.11,5001,3,117.0-118.0,3276630,26213040,0,0,0,0
20181107204840.158,10.0.2.5,52938,10.0.4.11,5001,3,118.0-119.0,3276630,26213040,0,0,0,0
20181107204841.153,10.0.2.5,52938,10.0.4.11,5001,3,119.0-120.0,3276630,26213040,0,0,0,0
20181107204842.159,10.0.2.5,52938,10.0.4.11,5001,3,120.0-121.0,3276630,26213040,0,0,0,0
20181107204843.155,10.0.2.5,52938,10.0.4.11,5001,3,121.0-122.0,3278100,26224800,0,0,0,0
20181107204844.159,10.0.2.5,52938,10.0.4.11,5001,3,122.0-123.0,3276630,26213040,0,0,0,0
20181107204845.154,10.0.2.5,52938,10.0.4.11,5001,3,123.0-124.0,3276630,26213040,0,0,0,0
20181107204846.160,10.0.2.5,52938,10.0.4.11,5001,3,124.0-125.0,3276630,26213040,0,0,0,0
20181107204847.155,10.0.2.5,52938,10.0.4.11,5001,3,125.0-126.0,3276630,26213040,0,0,0,0
20181107204848.159,10.0.2.5,52938,10.0.4.11,5001,3,126.0-127.0,3276630,26213040,0,0,0,0
20181107204849.154,10.0.2.5,52938,10.0.4.11,5001,3,127.0-128.0,3276630,26213040,0,0,0,0
20181107204850.159,10.0.2.5,52938,10.0.4.11,5001,3,128.0-129.0,3276630,26213040,0,0,0,0
20181107204851.155,10.0.2.5,52938,10.0.4.11,5001,3,129.0-130.0,3276630,26213040,0,0,0,0
20181107204852.159,10.0.2.5,52938,10.0.4.11,5001,3,130.0-131.0,3278100,26224800,0,0,0,0
20181107204853.154,10.0.2.5,52938,10.0.4.11,5001,3,131.0-132.0,3276630,26213040,0,0,0,0
20181107204854.159,10.0.2.5,52938,10.0.4.11,5001,3,132.0-133.0,3276630,26213040,0,0,0,0
20181107204855.154,10.0.2.5,52938,10.0.4.11,5001,3,133.0-134.0,3276630,26213040,0,0,0,0
20181107204856.159,10.0.2.5,52938,10.0.4.11,5001,3,134.0-135.0,3276630,26213040,0,0,0,0
20181107204857.154,10.0.2.5,52938,10.0.4.11,5001,3,135.0-136.0,3276630,26213040,0,0,0,0
20181107204858.158,10.0.2.5,52938,10.0.4.11,5001,3,136.0-137.0,3276630,26213040,0,0,0,0
20181107204859.153,10.0.2.5,52938,10.0.4.11,5001,3,137.0-138.0,3276630,26213040,0,0,0,0
20181107204900.158,10.0.2.5,52938,10.0.4.11,5001,3,138.0-139.0,3278100,26224800,0,0,0,0
20181107204901.153,10.0.2.5,52938,10.0.4.11,5001,3,139.0-140.0,3276630,26213040,0,0,0,0
20181107204902.158,10.0.2.5,52938,10.0.4.11,5001,3,140.0-141.0,3276630,26213040,0,0,0,0
20181107204903.153,10.0.2.5,52938,10.0.4.11,5001,3,141.0-142.0,3276630,26213040,0,0,0,0
20181107204904.158,10.0.2.5,52938,10.0.4.11,5001,3,142.0-143.0,3276630,26213040,0,0,0,0
20181107204905.153,10.0.2.5,52938,10.0.4.11,5001,3,143.0-144.0,3276630,26213040,0,0,0,0
20181107204906.158,10.0.2.5,52938,10.0.4.11,5001,3,144.0-145.0,3276630,26213040,0,0,0,0
20181107204907.153,10.0.2.5,52938,10.0.4.11,5001,3,145.0-146.0,3276630,26213040,0,0,0,0
20181107204908.158,10.0.2.5,52938,10.0.4.11,5001,3,146.0-147.0,3276630,26213040,0,0,0,0
20181107204909.152,10.0.2.5,52938,10.0.4.11,5001,3,147.0-148.0,3278100,26224800,0,0,0,0
20181107204910.158,10.0.2.5,52938,10.0.4.11,5001,3,148.0-149.0,3276630,26213040,0,0,0,0
20181107204911.153,10.0.2.5,52938,10.0.4.11,5001,3,149.0-150.0,3276630,26213040,0,0,0,0
20181107204912.158,10.0.2.5,52938,10.0.4.11,5001,3,150.0-151.0,3276630,26213040,0,0,0,0
20181107204913.153,10.0.2.5,52938,10.0.4.11,5001,3,151.0-152.0,3276630,26213040,0,0,0,0
20181107204914.159,10.0.2.5,52938,10.0.4.11,5001,3,152.0-153.0,3276630,26213040,0,0,0,0
20181107204915.154,10.0.2.5,52938,10.0.4.11,5001,3,153.0-154.0,3276630,26213040,0,0,0,0
20181107204916.159,10.0.2.5,52938,10.0.4.11,5001,3,154.0-155.0,3276630,26213040,0,0,0,0
20181107204917.154,10.0.2.5,52938,10.0.4.11,5001,3,155.0-156.0,3276630,26213040,0,0,0,0
20181107204918.159,10.0.2.5,52938,10.0.4.11,5001,3,156.0-157.0,3278100,26224800,0,0,0,0
20181107204919.153,10.0.2.5,52938,10.0.4.11,5001,3,157.0-158.0,3276630,26213040,0,0,0,0
20181107204920.158,10.0.2.5,52938,10.0.4.11,5001,3,158.0-159.0,3276630,26213040,0,0,0,0
20181107204921.153,10.0.2.5,52938,10.0.4.11,5001,3,159.0-160.0,3276630,26213040,0,0,0,0
20181107204922.158,10.0.2.5,52938,10.0.4.11,5001,3,160.0-161.0,3276630,26213040,0,0,0,0
20181107204923.153,10.0.2.5,52938,10.0.4.11,5001,3,161.0-162.0,3276630,26213040,0,0,0,0
20181107204924.158,10.0.2.5,52938,10.0.4.11,5001,3,162.0-163.0,3276630,26213040,0,0,0,0
20181107204925.153,10.0.2.5,52938,10.0.4.11,5001,3,163.0-164.0,3276630,26213040,0,0,0,0
20181107204926.158,10.0.2.5,52938,10.0.4.11,5001,3,164.0-165.0,3276630,26213040,0,0,0,0
20181107204927.153,10.0.2.5,52938,10.0.4.11,5001,3,165.0-166.0,3278100,26224800,0,0,0,0
20181107204928.158,10.0.2.5,52938,10.0.4.11,5001,3,166.0-167.0,3276630,26213040,0,0,0,0
20181107204929.153,10.0.2.5,52938,10.0.4.11,5001,3,167.0-168.0,3276630,26213040,0,0,0,0
20181107204930.159,10.0.2.5,52938,10.0.4.11,5001,3,168.0-169.0,3276630,26213040,0,0,0,0
20181107204931.154,10.0.2.5,52938,10.0.4.11,5001,3,169.0-170.0,3276630,26213040,0,0,0,0
20181107204932.159,10.0.2.5,52938,10.0.4.11,5001,3,170.0-171.0,3276630,26213040,0,0,0,0
20181107204933.154,10.0.2.5,52938,10.0.4.11,5001,3,171.0-172.0,3276630,26213040,0,0,0,0
20181107204934.159,10.0.2.5,52938,10.0.4.11,5001,3,172.0-173.0,3276630,26213040,0,0,0,0
20181107204935.155,10.0.2.5,52938,10.0.4.11,5001,3,173.0-174.0,3278100,26224800,0,0,0,0
20181107204936.160,10.0.2.5,52938,10.0.4.11,5001,3,174.0-175.0,3276630,26213040,0,0,0,0
20181107204937.155,10.0.2.5,52938,10.0.4.11,5001,3,175.0-176.0,3276630,26213040,0,0,0,0
20181107204938.150,10.0.2.5,52938,10.0.4.11,5001,3,176.0-177.0,3275160,26201280,0,0,0,0
20181107204939.155,10.0.2.5,52938,10.0.4.11,5001,3,177.0-178.0,3278100,26224800,0,0,0,0
20181107204940.151,10.0.2.5,52938,10.0.4.11,5001,3,178.0-179.0,3276630,26213040,0,0,0,0
20181107204941.156,10.0.2.5,52938,10.0.4.11,5001,3,179.0-180.0,3276630,26213040,0,0,0,0
20181107204942.151,10.0.2.5,52938,10.0.4.11,5001,3,180.0-181.0,3276630,26213040,0,0,0,0
20181107204943.156,10.0.2.5,52938,10.0.4.11,5001,3,181.0-182.0,3276630,26213040,0,0,0,0
20181107204944.151,10.0.2.5,52938,10.0.4.11,5001,3,182.0-183.0,3278100,26224800,0,0,0,0
20181107204945.156,10.0.2.5,52938,10.0.4.11,5001,3,183.0-184.0,3276630,26213040,0,0,0,0
20181107204946.152,10.0.2.5,52938,10.0.4.11,5001,3,184.0-185.0,3276630,26213040,0,0,0,0
20181107204947.158,10.0.2.5,52938,10.0.4.11,5001,3,185.0-186.0,3276630,26213040,0,0,0,0
20181107204948.153,10.0.2.5,52938,10.0.4.11,5001,3,186.0-187.0,3276630,26213040,0,0,0,0
20181107204949.159,10.0.2.5,52938,10.0.4.11,5001,3,187.0-188.0,3276630,26213040,0,0,0,0
20181107204950.154,10.0.2.5,52938,10.0.4.11,5001,3,188.0-189.0,3276630,26213040,0,0,0,0
20181107204951.159,10.0.2.5,52938,10.0.4.11,5001,3,189.0-190.0,3276630,26213040,0,0,0,0
20181107204952.154,10.0.2.5,52938,10.0.4.11,5001,3,190.0-191.0,3276630,26213040,0,0,0,0
20181107204953.159,10.0.2.5,52938,10.0.4.11,5001,3,191.0-192.0,3278100,26224800,0,0,0,0
20181107204954.154,10.0.2.5,52938,10.0.4.11,5001,3,192.0-193.0,3276630,26213040,0,0,0,0
20181107204955.159,10.0.2.5,52938,10.0.4.11,5001,3,193.0-194.0,3276630,26213040,0,0,0,0
20181107204956.154,10.0.2.5,52938,10.0.4.11,5001,3,194.0-195.0,3276630,26213040,0,0,0,0
20181107204957.159,10.0.2.5,52938,10.0.4.11,5001,3,195.0-196.0,3276630,26213040,0,0,0,0
20181107204958.153,10.0.2.5,52938,10.0.4.11,5001,3,196.0-197.0,3276630,26213040,0,0,0,0
20181107204959.158,10.0.2.5,52938,10.0.4.11,5001,3,197.0-198.0,3276630,26213040,0,0,0,0
20181107205000.153,10.0.2.5,52938,10.0.4.11,5001,3,198.0-199.0,3276630,26213040,0,0,0,0
20181107205001.159,10.0.2.5,52938,10.0.4.11,5001,3,199.0-200.0,3278100,26224800,0,0,0,0
20181107205002.154,10.0.2.5,52938,10.0.4.11,5001,3,200.0-201.0,3276630,26213040,0,0,0,0
20181107205003.159,10.0.2.5,52938,10.0.4.11,5001,3,201.0-202.0,3276630,26213040,0,0,0,0
20181107205004.154,10.0.2.5,52938,10.0.4.11,5001,3,202.0-203.0,3276630,26213040,0,0,0,0
20181107205005.158,10.0.2.5,52938,10.0.4.11,5001,3,203.0-204.0,3276630,26213040,0,0,0,0
20181107205006.153,10.0.2.5,52938,10.0.4.11,5001,3,204.0-205.0,3276630,26213040,0,0,0,0
20181107205007.158,10.0.2.5,52938,10.0.4.11,5001,3,205.0-206.0,3276630,26213040,0,0,0,0
20181107205008.153,10.0.2.5,52938,10.0.4.11,5001,3,206.0-207.0,3276630,26213040,0,0,0,0
20181107205009.159,10.0.2.5,52938,10.0.4.11,5001,3,207.0-208.0,3276630,26213040,0,0,0,0
20181107205010.154,10.0.2.5,52938,10.0.4.11,5001,3,208.0-209.0,3278100,26224800,0,0,0,0
20181107205011.159,10.0.2.5,52938,10.0.4.11,5001,3,209.0-210.0,3276630,26213040,0,0,0,0
20181107205012.153,10.0.2.5,52938,10.0.4.11,5001,3,210.0-211.0,3276630,26213040,0,0,0,0
20181107205013.158,10.0.2.5,52938,10.0.4.11,5001,3,211.0-212.0,3276630,26213040,0,0,0,0
20181107205014.153,10.0.2.5,52938,10.0.4.11,5001,3,212.0-213.0,3276630,26213040,0,0,0,0
20181107205015.159,10.0.2.5,52938,10.0.4.11,5001,3,213.0-214.0,3276630,26213040,0,0,0,0
20181107205016.154,10.0.2.5,52938,10.0.4.11,5001,3,214.0-215.0,3276630,26213040,0,0,0,0
20181107205017.159,10.0.2.5,52938,10.0.4.11,5001,3,215.0-216.0,3276630,26213040,0,0,0,0
20181107205018.154,10.0.2.5,52938,10.0.4.11,5001,3,216.0-217.0,3278100,26224800,0,0,0,0
20181107205019.159,10.0.2.5,52938,10.0.4.11,5001,3,217.0-218.0,3276630,26213040,0,0,0,0
20181107205020.154,10.0.2.5,52938,10.0.4.11,5001,3,218.0-219.0,3276630,26213040,0,0,0,0
20181107205021.159,10.0.2.5,52938,10.0.4.11,5001,3,219.0-220.0,3276630,26213040,0,0,0,0
20181107205022.154,10.0.2.5,52938,10.0.4.11,5001,3,220.0-221.0,3275160,26201280,0,0,0,0
20181107205023.159,10.0.2.5,52938,10.0.4.11,5001,3,221.0-222.0,3278100,26224800,0,0,0,0
20181107205024.154,10.0.2.5,52938,10.0.4.11,5001,3,222.0-223.0,3276630,26213040,0,0,0,0
20181107205025.158,10.0.2.5,52938,10.0.4.11,5001,3,223.0-224.0,3276630,26213040,0,0,0,0
20181107205026.154,10.0.2.5,52938,10.0.4.11,5001,3,224.0-225.0,3276630,26213040,0,0,0,0
20181107205027.159,10.0.2.5,52938,10.0.4.11,5001,3,225.0-226.0,3278100,26224800,0,0,0,0
20181107205028.153,10.0.2.5,52938,10.0.4.11,5001,3,226.0-227.0,3276630,26213040,0,0,0,0
20181107205029.158,10.0.2.5,52938,10.0.4.11,5001,3,227.0-228.0,3276630,26213040,0,0,0,0
20181107205030.152,10.0.2.5,52938,10.0.4.11,5001,3,228.0-229.0,3276630,26213040,0,0,0,0
20181107205031.159,10.0.2.5,52938,10.0.4.11,5001,3,229.0-230.0,3276630,26213040,0,0,0,0
20181107205032.155,10.0.2.5,52938,10.0.4.11,5001,3,230.0-231.0,3276630,26213040,0,0,0,0
20181107205033.160,10.0.2.5,52938,10.0.4.11,5001,3,231.0-232.0,3276630,26213040,0,0,0,0
20181107205034.155,10.0.2.5,52938,10.0.4.11,5001,3,232.0-233.0,3276630,26213040,0,0,0,0
20181107205035.160,10.0.2.5,52938,10.0.4.11,5001,3,233.0-234.0,3278100,26224800,0,0,0,0
20181107205036.155,10.0.2.5,52938,10.0.4.11,5001,3,234.0-235.0,3276630,26213040,0,0,0,0
20181107205037.160,10.0.2.5,52938,10.0.4.11,5001,3,235.0-236.0,3276630,26213040,0,0,0,0
20181107205038.155,10.0.2.5,52938,10.0.4.11,5001,3,236.0-237.0,3276630,26213040,0,0,0,0
20181107205039.159,10.0.2.5,52938,10.0.4.11,5001,3,237.0-238.0,3276630,26213040,0,0,0,0
20181107205040.154,10.0.2.5,52938,10.0.4.11,5001,3,238.0-239.0,3276630,26213040,0,0,0,0
20181107205041.159,10.0.2.5,52938,10.0.4.11,5001,3,239.0-240.0,3276630,26213040,0,0,0,0
20181107205042.154,10.0.2.5,52938,10.0.4.11,5001,3,240.0-241.0,3276630,26213040,0,0,0,0
20181107205043.160,10.0.2.5,52938,10.0.4.11,5001,3,241.0-242.0,3276630,26213040,0,0,0,0
20181107205044.156,10.0.2.5,52938,10.0.4.11,5001,3,242.0-243.0,3278100,26224800,0,0,0,0
20181107205045.151,10.0.2.5,52938,10.0.4.11,5001,3,243.0-244.0,3276630,26213040,0,0,0,0
20181107205046.156,10.0.2.5,52938,10.0.4.11,5001,3,244.0-245.0,3276630,26213040,0,0,0,0
20181107205047.152,10.0.2.5,52938,10.0.4.11,5001,3,245.0-246.0,3276630,26213040,0,0,0,0
20181107205048.157,10.0.2.5,52938,10.0.4.11,5001,3,246.0-247.0,3276630,26213040,0,0,0,0
20181107205049.152,10.0.2.5,52938,10.0.4.11,5001,3,247.0-248.0,3276630,26213040,0,0,0,0
20181107205050.157,10.0.2.5,52938,10.0.4.11,5001,3,248.0-249.0,3276630,26213040,0,0,0,0
20181107205051.152,10.0.2.5,52938,10.0.4.11,5001,3,249.0-250.0,3276630,26213040,0,0,0,0
20181107205052.157,10.0.2.5,52938,10.0.4.11,5001,3,250.0-251.0,3276630,26213040,0,0,0,0
20181107205053.152,10.0.2.5,52938,10.0.4.11,5001,3,251.0-252.0,3278100,26224800,0,0,0,0
20181107205054.157,10.0.2.5,52938,10.0.4.11,5001,3,252.0-253.0,3276630,26213040,0,0,0,0
20181107205055.152,10.0.2.5,52938,10.0.4.11,5001,3,253.0-254.0,3276630,26213040,0,0,0,0
20181107205056.158,10.0.2.5,52938,10.0.4.11,5001,3,254.0-255.0,3276630,26213040,0,0,0,0
20181107205057.153,10.0.2.5,52938,10.0.4.11,5001,3,255.0-256.0,3276630,26213040,0,0,0,0
20181107205058.158,10.0.2.5,52938,10.0.4.11,5001,3,256.0-257.0,3276630,26213040,0,0,0,0
20181107205059.152,10.0.2.5,52938,10.0.4.11,5001,3,257.0-258.0,3276630,26213040,0,0,0,0
20181107205100.157,10.0.2.5,52938,10.0.4.11,5001,3,258.0-259.0,3276630,26213040,0,0,0,0
20181107205101.152,10.0.2.5,52938,10.0.4.11,5001,3,259.0-260.0,3278100,26224800,0,0,0,0
20181107205102.157,10.0.2.5,52938,10.0.4.11,5001,3,260.0-261.0,3276630,26213040,0,0,0,0
20181107205103.152,10.0.2.5,52938,10.0.4.11,5001,3,261.0-262.0,3276630,26213040,0,0,0,0
20181107205104.156,10.0.2.5,52938,10.0.4.11,5001,3,262.0-263.0,3276630,26213040,0,0,0,0
20181107205105.151,10.0.2.5,52938,10.0.4.11,5001,3,263.0-264.0,3276630,26213040,0,0,0,0
20181107205106.157,10.0.2.5,52938,10.0.4.11,5001,3,264.0-265.0,3276630,26213040,0,0,0,0
20181107205107.152,10.0.2.5,52938,10.0.4.11,5001,3,265.0-266.0,3276630,26213040,0,0,0,0
20181107205108.158,10.0.2.5,52938,10.0.4.11,5001,3,266.0-267.0,3276630,26213040,0,0,0,0
20181107205109.153,10.0.2.5,52938,10.0.4.11,5001,3,267.0-268.0,3276630,26213040,0,0,0,0
20181107205110.158,10.0.2.5,52938,10.0.4.11,5001,3,268.0-269.0,3278100,26224800,0,0,0,0
20181107205111.264,10.0.2.5,52938,10.0.4.11,5001,3,0.0-270.0,884737140,26214397,0,0,0,0
20181107205111.264,10.0.4.11,5001,10.0.2.5,52938,3,0.0-270.1,546991410,16201055,1.032,229759,601862,38.175,0,100.110,0.378,111.138,0.044
