20181107174010.806,10.0.2.5,5001,10.0.1.2,43358,3,0.0-1.0,4057200,32457600,0.225,1561,4321,36.126,0,29.365,0.123,33.545,5.246
20181107174011.811,10.0.2.5,5001,10.0.1.2,43358,3,1.0-2.0,4058670,32469360,0.294,1702,4463,38.136,0,30.035,0.123,33.545,3.798
20181107174012.806,10.0.2.5,5001,10.0.1.2,43358,3,2.0-3.0,4055730,32445840,0.285,1699,4458,38.111,0,30.258,0.123,33.545,3.140
20181107174013.801,10.0.2.5,5001,10.0.1.2,43358,3,3.0-4.0,4043970,32351760,0.286,1705,4456,38.263,0,30.372,0.123,33.545,2.746
20181107174014.806,10.0.2.5,5001,10.0.1.2,43358,3,4.0-5.0,4054260,32434080,0.247,1698,4456,38.106,0,30.439,0.123,33.545,2.477
20181107174015.801,10.0.2.5,5001,10.0.1.2,43358,3,5.0-6.0,4051320,32410560,0.217,1701,4457,38.165,0,30.483,0.123,33.545,2.279
20181107174016.806,10.0.2.5,5001,10.0.1.2,43358,3,6.0-7.0,4046910,32375280,0.211,1703,4456,38.218,0,30.514,0.123,33.545,2.126
20181107174017.802,10.0.2.5,5001,10.0.1.2,43358,3,7.0-8.0,4023390,32187120,0.328,1732,4469,38.756,0,30.539,0.123,39.401,2.005
20181107174018.807,10.0.2.5,5001,10.0.1.2,43358,3,8.0-9.0,4052790,32422320,0.307,1699,4456,38.128,0,30.557,0.123,39.401,1.904
20181107174019.802,10.0.2.5,5001,10.0.1.2,43358,3,9.0-10.0,4051320,32410560,0.302,1702,4458,38.179,0,30.571,0.123,39.401,1.818
20181107174020.807,10.0.2.5,5001,10.0.1.2,43358,3,10.0-11.0,4024860,32198880,0.337,1722,4460,38.610,0,30.583,0.123,39.401,1.746
20181107174021.802,10.0.2.5,5001,10.0.1.2,43358,3,11.0-12.0,4049850,32398800,0.319,1703,4458,38.201,0,30.592,0.123,39.401,1.683
20181107174022.807,10.0.2.5,5001,10.0.1.2,43358,3,12.0-13.0,4048380,32387040,0.256,1699,4453,38.154,0,30.616,0.123,39.401,1.629
20181107174023.801,10.0.2.5,5001,10.0.1.2,43358,3,13.0-14.0,4048380,32387040,0.245,1703,4457,38.210,0,30.647,0.123,39.401,1.584
20181107174024.807,10.0.2.5,5001,10.0.1.2,43358,3,14.0-15.0,4049850,32398800,0.220,1701,4456,38.173,0,30.678,0.123,39.401,1.543
20181107174025.802,10.0.2.5,5001,10.0.1.2,43358,3,15.0-16.0,4043970,32351760,0.215,1705,4456,38.263,0,30.705,0.123,39.401,1.507
20181107174026.807,10.0.2.5,5001,10.0.1.2,43358,3,16.0-17.0,4046910,32375280,0.311,1714,4467,38.370,0,30.729,0.123,39.401,1.473
20181107174027.802,10.0.2.5,5001,10.0.1.2,43358,3,17.0-18.0,4054260,32434080,0.282,1698,4456,38.106,0,30.750,0.123,39.401,1.442
20181107174028.807,10.0.2.5,5001,10.0.1.2,43358,3,18.0-19.0,4052790,32422320,0.246,1699,4456,38.128,0,30.769,0.123,39.401,1.414
20181107174029.802,10.0.2.5,5001,10.0.1.2,43358,3,19.0-20.0,4049850,32398800,0.238,1702,4457,38.187,0,30.786,0.123,39.401,1.388
20181107174030.808,10.0.2.5,5001,10.0.1.2,43358,3,20.0-21.0,4048380,32387040,0.210,1701,4455,38.182,0,30.802,0.123,39.401,1.363
20181107174031.803,10.0.2.5,5001,10.0.1.2,43358,3,21.0-22.0,4046910,32375280,0.295,1713,4466,38.356,0,30.816,0.123,39.401,1.340
20181107174032.808,10.0.2.5,5001,10.0.1.2,43358,3,22.0-23.0,4048380,32387040,0.259,1702,4456,38.196,0,30.828,0.123,39.401,1.319
20181107174033.803,10.0.2.5,5001,10.0.1.2,43358,3,23.0-24.0,4045440,32363520,0.228,1703,4455,38.227,0,30.840,0.123,39.401,1.300
20181107174034.808,10.0.2.5,5001,10.0.1.2,43358,3,24.0-25.0,4048380,32387040,0.212,1703,4457,38.210,0,30.851,0.123,39.401,1.281
20181107174035.803,10.0.2.5,5001,10.0.1.2,43358,3,25.0-26.0,4049850,32398800,0.215,1705,4460,38.229,0,30.861,0.123,39.401,1.264
20181107174036.808,10.0.2.5,5001,10.0.1.2,43358,3,26.0-27.0,4049850,32398800,0.222,1702,4457,38.187,0,30.871,0.123,39.401,1.247
20181107174037.803,10.0.2.5,5001,10.0.1.2,43358,3,27.0-28.0,4052790,32422320,0.322,1709,4466,38.267,0,30.880,0.123,39.401,1.232
20181107174038.809,10.0.2.5,5001,10.0.1.2,43358,3,28.0-29.0,4054260,32434080,0.280,1698,4456,38.106,0,30.887,0.123,39.401,1.217
20181107174039.804,10.0.2.5,5001,10.0.1.2,43358,3,29.0-30.0,4049850,32398800,0.243,1701,4456,38.173,0,30.894,0.123,39.401,1.203
20181107174040.809,10.0.2.5,5001,10.0.1.2,43358,3,30.0-31.0,4049850,32398800,0.309,1708,4463,38.270,0,30.901,0.123,39.401,1.190
20181107174041.804,10.0.2.5,5001,10.0.1.2,43358,3,31.0-32.0,4048380,32387040,0.287,1702,4456,38.196,0,30.906,0.123,39.401,1.177
20181107174042.809,10.0.2.5,5001,10.0.1.2,43358,3,32.0-33.0,4051320,32410560,0.272,1700,4456,38.151,0,30.911,0.123,39.401,1.165
20181107174043.804,10.0.2.5,5001,10.0.1.2,43358,3,33.0-34.0,4051320,32410560,0.230,1702,4458,38.179,0,30.915,0.123,39.401,1.153
20181107174044.809,10.0.2.5,5001,10.0.1.2,43358,3,34.0-35.0,4051320,32410560,0.235,1698,4454,38.123,0,30.920,0.123,39.401,1.142
20181107174045.804,10.0.2.5,5001,10.0.1.2,43358,3,35.0-36.0,4051320,32410560,0.326,1712,4468,38.317,0,30.924,0.123,39.401,1.131
20181107174046.809,10.0.2.5,5001,10.0.1.2,43358,3,36.0-37.0,4046910,32375280,0.294,1703,4456,38.218,0,30.927,0.123,39.401,1.121
20181107174047.805,10.0.2.5,5001,10.0.1.2,43358,3,37.0-38.0,4052790,32422320,0.272,1700,4457,38.142,0,30.931,0.123,39.401,1.112
20181107174048.810,10.0.2.5,5001,10.0.1.2,43358,3,38.0-39.0,4051320,32410560,0.269,1702,4458,38.179,0,30.935,0.123,39.401,1.102
20181107174049.805,10.0.2.5,5001,10.0.1.2,43358,3,39.0-40.0,4045440,32363520,0.252,1705,4457,38.254,0,30.938,0.123,39.401,1.094
20181107174050.810,10.0.2.5,5001,10.0.1.2,43358,3,40.0-41.0,4054260,32434080,0.233,1699,4457,38.120,0,30.941,0.123,39.401,1.085
20181107174051.805,10.0.2.5,5001,10.0.1.2,43358,3,41.0-42.0,4048380,32387040,0.218,1702,4456,38.196,0,30.944,0.123,39.401,1.077
20181107174052.810,10.0.2.5,5001,10.0.1.2,43358,3,42.0-43.0,4026330,32210640,0.326,1728,4467,38.684,0,30.944,0.123,39.401,1.069
20181107174053.805,10.0.2.5,5001,10.0.1.2,43358,3,43.0-44.0,4048380,32387040,0.304,1703,4457,38.210,0,30.943,0.123,39.401,1.063
20181107174054.810,10.0.2.5,5001,10.0.1.2,43358,3,44.0-45.0,4049850,32398800,0.290,1702,4457,38.187,0,30.942,0.123,39.401,1.055
20181107174055.805,10.0.2.5,5001,10.0.1.2,43358,3,45.0-46.0,4045440,32363520,0.288,1705,4457,38.254,0,30.941,0.123,39.401,1.048
20181107174056.810,10.0.2.5,5001,10.0.1.2,43358,3,46.0-47.0,4045440,32363520,0.266,1705,4457,38.254,0,30.940,0.123,39.401,1.041
20181107174057.805,10.0.2.5,5001,10.0.1.2,43358,3,47.0-48.0,4052790,32422320,0.243,1701,4458,38.156,0,30.939,0.123,39.401,1.035
20181107174058.810,10.0.2.5,5001,10.0.1.2,43358,3,48.0-49.0,4033680,32269440,0.220,1712,4456,38.420,0,30.938,0.123,39.401,1.028
20181107174059.805,10.0.2.5,5001,10.0.1.2,43358,3,49.0-50.0,4018980,32151840,0.216,1723,4457,38.658,0,30.938,0.123,39.401,1.023
20181107174100.810,10.0.2.5,5001,10.0.1.2,43358,3,50.0-51.0,4046910,32375280,0.318,1713,4466,38.356,0,30.937,0.123,39.401,1.017
20181107174101.805,10.0.2.5,5001,10.0.1.2,43358,3,51.0-52.0,4046910,32375280,0.288,1703,4456,38.218,0,30.936,0.123,39.401,1.011
20181107174102.810,10.0.2.5,5001,10.0.1.2,43358,3,52.0-53.0,4049850,32398800,0.250,1702,4457,38.187,0,30.936,0.123,39.401,1.005
20181107174103.805,10.0.2.5,5001,10.0.1.2,43358,3,53.0-54.0,4042500,32340000,0.236,1706,4456,38.285,0,30.935,0.123,39.401,1.000
20181107174104.810,10.0.2.5,5001,10.0.1.2,43358,3,54.0-55.0,4046910,32375280,0.220,1704,4457,38.232,0,30.934,0.123,39.401,0.994
20181107174105.805,10.0.2.5,5001,10.0.1.2,43358,3,55.0-56.0,4045440,32363520,0.219,1705,4457,38.254,0,30.933,0.123,39.401,0.990
20181107174106.810,10.0.2.5,5001,10.0.1.2,43358,3,56.0-57.0,4048380,32387040,0.227,1704,4458,38.223,0,30.933,0.123,39.401,0.985
20181107174107.805,10.0.2.5,5001,10.0.1.2,43358,3,57.0-58.0,4057200,32457600,0.225,1699,4459,38.103,0,30.932,0.123,39.401,0.980
20181107174108.810,10.0.2.5,5001,10.0.1.2,43358,3,58.0-59.0,4045440,32363520,0.212,1706,4458,38.268,0,30.932,0.123,39.401,0.976
20181107174109.805,10.0.2.5,5001,10.0.1.2,43358,3,59.0-60.0,4052790,32422320,0.213,1701,4458,38.156,0,30.931,0.123,39.401,0.971
20181107174110.810,10.0.2.5,5001,10.0.1.2,43358,3,60.0-61.0,4052790,32422320,0.284,1708,4465,38.253,0,30.931,0.123,39.401,0.967
20181107174111.805,10.0.2.5,5001,10.0.1.2,43358,3,61.0-62.0,4052790,32422320,0.278,1701,4458,38.156,0,30.930,0.123,39.401,0.962
20181107174112.810,10.0.2.5,5001,10.0.1.2,43358,3,62.0-63.0,4046910,32375280,0.262,1703,4456,38.218,0,30.929,0.123,39.401,0.958
20181107174113.805,10.0.2.5,5001,10.0.1.2,43358,3,63.0-64.0,4051320,32410560,0.224,1701,4457,38.165,0,30.929,0.123,39.401,0.954
20181107174114.811,10.0.2.5,5001,10.0.1.2,43358,3,64.0-65.0,4052790,32422320,0.330,1707,4464,38.239,0,30.928,0.123,39.401,0.950
20181107174115.806,10.0.2.5,5001,10.0.1.2,43358,3,65.0-66.0,4049850,32398800,0.271,1700,4455,38.159,0,30.927,0.123,39.401,0.946
20181107174116.801,10.0.2.5,5001,10.0.1.2,43358,3,66.0-67.0,4049850,32398800,0.256,1702,4457,38.187,0,30.927,0.123,39.401,0.944
20181107174117.806,10.0.2.5,5001,10.0.1.2,43358,3,67.0-68.0,4048380,32387040,0.233,1702,4456,38.196,0,30.927,0.123,39.401,0.941
20181107174118.802,10.0.2.5,5001,10.0.1.2,43358,3,68.0-69.0,4041030,32328240,0.266,1701,4450,38.225,0,30.938,0.123,39.401,0.951
20181107174119.807,10.0.2.5,5001,10.0.1.2,43358,3,69.0-70.0,4042500,32340000,0.282,1706,4456,38.285,0,30.969,0.123,39.401,0.982
20181107174120.802,10.0.2.5,5001,10.0.1.2,43358,3,70.0-71.0,4055730,32445840,0.228,1700,4459,38.125,0,31.000,0.123,39.401,1.010
20181107174121.807,10.0.2.5,5001,10.0.1.2,43358,3,71.0-72.0,4046910,32375280,0.229,1704,4457,38.232,0,31.029,0.123,39.401,1.036
20181107174122.802,10.0.2.5,5001,10.0.1.2,43358,3,72.0-73.0,4051320,32410560,0.216,1701,4457,38.165,0,31.058,0.123,39.401,1.060
20181107174123.807,10.0.2.5,5001,10.0.1.2,43358,3,73.0-74.0,4049850,32398800,0.217,1703,4458,38.201,0,31.086,0.123,39.401,1.082
20181107174124.802,10.0.2.5,5001,10.0.1.2,43358,3,74.0-75.0,4048380,32387040,0.327,1713,4467,38.348,0,31.113,0.123,39.401,1.103
20181107174125.807,10.0.2.5,5001,10.0.1.2,43358,3,75.0-76.0,4054260,32434080,0.323,1699,4457,38.120,0,31.139,0.123,39.401,1.122
20181107174126.802,10.0.2.5,5001,10.0.1.2,43358,3,76.0-77.0,4051320,32410560,0.283,1702,4458,38.179,0,31.165,0.123,39.401,1.139
20181107174127.808,10.0.2.5,5001,10.0.1.2,43358,3,77.0-78.0,4051320,32410560,0.267,1701,4457,38.165,0,31.190,0.123,39.401,1.155
20181107174128.802,10.0.2.5,5001,10.0.1.2,43358,3,78.0-79.0,4046910,32375280,0.274,1705,4458,38.246,0,31.214,0.123,39.401,1.170
20181107174129.807,10.0.2.5,5001,10.0.1.2,43358,3,79.0-80.0,4048380,32387040,0.281,1704,4458,38.223,0,31.237,0.123,39.401,1.181
20181107174130.802,10.0.2.5,5001,10.0.1.2,43358,3,80.0-81.0,4052790,32422320,0.255,1701,4458,38.156,0,31.258,0.123,39.401,1.192
20181107174131.807,10.0.2.5,5001,10.0.1.2,43358,3,81.0-82.0,4055730,32445840,0.216,1696,4455,38.070,0,31.280,0.123,39.401,1.202
20181107174132.802,10.0.2.5,5001,10.0.1.2,43358,3,82.0-83.0,4042500,32340000,0.213,1707,4457,38.299,0,31.300,0.123,39.401,1.212
20181107174133.807,10.0.2.5,5001,10.0.1.2,43358,3,83.0-84.0,4049850,32398800,0.329,1712,4467,38.325,0,31.321,0.123,40.443,1.223
20181107174134.802,10.0.2.5,5001,10.0.1.2,43358,3,84.0-85.0,4048380,32387040,0.286,1702,4456,38.196,0,31.341,0.123,40.443,1.231
20181107174135.808,10.0.2.5,5001,10.0.1.2,43358,3,85.0-86.0,4049850,32398800,0.269,1702,4457,38.187,0,31.360,0.123,40.443,1.239
20181107174136.803,10.0.2.5,5001,10.0.1.2,43358,3,86.0-87.0,4051320,32410560,0.270,1702,4458,38.179,0,31.379,0.123,40.443,1.246
20181107174137.808,10.0.2.5,5001,10.0.1.2,43358,3,87.0-88.0,4052790,32422320,0.268,1699,4456,38.128,0,31.398,0.123,40.443,1.253
20181107174138.803,10.0.2.5,5001,10.0.1.2,43358,3,88.0-89.0,4049850,32398800,0.237,1703,4458,38.201,0,31.416,0.123,40.443,1.259
20181107174139.808,10.0.2.5,5001,10.0.1.2,43358,3,89.0-90.0,4048380,32387040,0.222,1702,4456,38.196,0,31.434,0.123,40.443,1.265
20181107174140.803,10.0.2.5,5001,10.0.1.2,43358,3,90.0-91.0,4054260,32434080,0.227,1703,4461,38.175,0,31.441,0.123,40.443,1.262
20181107174141.808,10.0.2.5,5001,10.0.1.2,43358,3,91.0-92.0,4048380,32387040,0.302,1713,4467,38.348,0,31.447,0.123,40.443,1.258
20181107174142.803,10.0.2.5,5001,10.0.1.2,43358,3,92.0-93.0,4048380,32387040,0.313,1704,4458,38.223,0,31.453,0.123,40.443,1.255
20181107174143.808,10.0.2.5,5001,10.0.1.2,43358,3,93.0-94.0,4048380,32387040,0.294,1703,4457,38.210,0,31.460,0.123,40.443,1.251
20181107174144.804,10.0.2.5,5001,10.0.1.2,43358,3,94.0-95.0,4051320,32410560,0.280,1702,4458,38.179,0,31.466,0.123,40.443,1.248
20181107174145.809,10.0.2.5,5001,10.0.1.2,43358,3,95.0-96.0,4051320,32410560,0.267,1701,4457,38.165,0,31.472,0.123,40.443,1.244
20181107174146.804,10.0.2.5,5001,10.0.1.2,43358,3,96.0-97.0,4049850,32398800,0.242,1702,4457,38.187,0,31.477,0.123,40.443,1.241
20181107174147.809,10.0.2.5,5001,10.0.1.2,43358,3,97.0-98.0,4046910,32375280,0.219,1703,4456,38.218,0,31.483,0.123,40.443,1.238
20181107174148.804,10.0.2.5,5001,10.0.1.2,43358,3,98.0-99.0,4046910,32375280,0.227,1705,4458,38.246,0,31.488,0.123,40.443,1.235
20181107174149.809,10.0.2.5,5001,10.0.1.2,43358,3,99.0-100.0,4020450,32163600,0.216,1721,4456,38.622,0,31.493,0.123,40.874,1.232
20181107174150.805,10.0.2.5,5001,10.0.1.2,43358,3,100.0-101.0,4052790,32422320,0.308,1710,4467,38.281,0,31.499,0.123,40.874,1.229
20181107174151.810,10.0.2.5,5001,10.0.1.2,43358,3,101.0-102.0,4049850,32398800,0.278,1702,4457,38.187,0,31.504,0.123,40.874,1.225
20181107174152.804,10.0.2.5,5001,10.0.1.2,43358,3,102.0-103.0,4048380,32387040,0.258,1703,4457,38.210,0,31.509,0.123,40.874,1.222
20181107174153.809,10.0.2.5,5001,10.0.1.2,43358,3,103.0-104.0,4045440,32363520,0.257,1704,4456,38.241,0,31.514,0.123,40.874,1.219
20181107174154.805,10.0.2.5,5001,10.0.1.2,43358,3,104.0-105.0,4048380,32387040,0.242,1707,4461,38.265,0,31.517,0.123,40.874,1.215
20181107174155.809,10.0.2.5,5001,10.0.1.2,43358,3,105.0-106.0,4054260,32434080,0.228,1698,4456,38.106,0,31.517,0.123,40.874,1.211
20181107174156.804,10.0.2.5,5001,10.0.1.2,43358,3,106.0-107.0,4052790,32422320,0.211,1700,4457,38.142,0,31.517,0.123,40.874,1.207
20181107174157.809,10.0.2.5,5001,10.0.1.2,43358,3,107.0-108.0,4048380,32387040,0.305,1712,4466,38.334,0,31.518,0.123,40.874,1.203
20181107174158.804,10.0.2.5,5001,10.0.1.2,43358,3,108.0-109.0,4045440,32363520,0.304,1704,4456,38.241,0,31.518,0.123,40.874,1.199
20181107174159.809,10.0.2.5,5001,10.0.1.2,43358,3,109.0-110.0,4052790,32422320,0.268,1699,4456,38.128,0,31.518,0.123,40.874,1.196
20181107174200.804,10.0.2.5,5001,10.0.1.2,43358,3,110.0-111.0,4048380,32387040,0.256,1702,4456,38.196,0,31.521,0.123,40.874,1.192
20181107174201.809,10.0.2.5,5001,10.0.1.2,43358,3,111.0-112.0,4049850,32398800,0.246,1704,4459,38.215,0,31.525,0.123,40.874,1.189
20181107174202.804,10.0.2.5,5001,10.0.1.2,43358,3,112.0-113.0,4033680,32269440,0.221,1690,4434,38.115,0,31.570,0.123,40.874,1.278
20181107174203.809,10.0.2.5,5001,10.0.1.2,43358,3,113.0-114.0,4046910,32375280,0.309,1713,4466,38.356,0,31.615,0.123,40.874,1.361
20181107174204.804,10.0.2.5,5001,10.0.1.2,43358,3,114.0-115.0,4049850,32398800,0.276,1701,4456,38.173,0,31.659,0.123,40.874,1.437
20181107174205.809,10.0.2.5,5001,10.0.1.2,43358,3,115.0-116.0,4051320,32410560,0.272,1701,4457,38.165,0,31.703,0.123,40.874,1.506
20181107174206.804,10.0.2.5,5001,10.0.1.2,43358,3,116.0-117.0,4048380,32387040,0.261,1703,4457,38.210,0,31.745,0.123,40.874,1.570
20181107174207.809,10.0.2.5,5001,10.0.1.2,43358,3,117.0-118.0,4027800,32222400,0.229,1717,4457,38.524,0,31.787,0.123,42.197,1.629
20181107174208.804,10.0.2.5,5001,10.0.1.2,43358,3,118.0-119.0,4048380,32387040,0.218,1702,4456,38.196,0,31.829,0.123,42.197,1.685
20181107174209.809,10.0.2.5,5001,10.0.1.2,43358,3,119.0-120.0,4051320,32410560,0.293,1709,4465,38.275,0,31.869,0.123,42.197,1.736
20181107174210.804,10.0.2.5,5001,10.0.1.2,43358,3,120.0-121.0,4049850,32398800,0.293,1703,4458,38.201,0,31.910,0.123,42.197,1.785
20181107174211.810,10.0.2.5,5001,10.0.1.2,43358,3,121.0-122.0,4027800,32222400,0.302,1717,4457,38.524,0,31.949,0.123,43.470,1.831
20181107174212.805,10.0.2.5,5001,10.0.1.2,43358,3,122.0-123.0,4051320,32410560,0.264,1701,4457,38.165,0,31.988,0.123,43.470,1.874
20181107174213.810,10.0.2.5,5001,10.0.1.2,43358,3,123.0-124.0,4051320,32410560,0.272,1704,4460,38.206,0,32.026,0.123,43.470,1.914
20181107174214.805,10.0.2.5,5001,10.0.1.2,43358,3,124.0-125.0,4052790,32422320,0.314,1703,4460,38.184,0,32.063,0.123,43.470,1.953
20181107174215.810,10.0.2.5,5001,10.0.1.2,43358,3,125.0-126.0,4045440,32363520,0.265,1703,4455,38.227,0,32.100,0.123,43.470,1.989
20181107174216.805,10.0.2.5,5001,10.0.1.2,43358,3,126.0-127.0,4045440,32363520,0.250,1705,4457,38.254,0,32.136,0.123,43.470,2.023
20181107174217.810,10.0.2.5,5001,10.0.1.2,43358,3,127.0-128.0,4052790,32422320,0.226,1699,4456,38.128,0,32.172,0.123,43.470,2.055
20181107174218.805,10.0.2.5,5001,10.0.1.2,43358,3,128.0-129.0,4049850,32398800,0.212,1701,4456,38.173,0,32.207,0.123,43.470,2.086
20181107174219.810,10.0.2.5,5001,10.0.1.2,43358,3,129.0-130.0,4045440,32363520,0.304,1715,4467,38.393,0,32.241,0.123,43.470,2.116
20181107174220.805,10.0.2.5,5001,10.0.1.2,43358,3,130.0-131.0,4045440,32363520,0.265,1704,4456,38.241,0,32.275,0.123,43.470,2.144
20181107174221.811,10.0.2.5,5001,10.0.1.2,43358,3,131.0-132.0,4049850,32398800,0.239,1702,4457,38.187,0,32.309,0.123,43.470,2.171
20181107174222.806,10.0.2.5,5001,10.0.1.2,43358,3,132.0-133.0,4046910,32375280,0.236,1702,4455,38.204,0,32.342,0.123,43.470,2.196
20181107174223.811,10.0.2.5,5001,10.0.1.2,43358,3,133.0-134.0,4051320,32410560,0.325,1710,4466,38.289,0,32.374,0.123,43.470,2.220
20181107174224.806,10.0.2.5,5001,10.0.1.2,43358,3,134.0-135.0,4048380,32387040,0.285,1701,4455,38.182,0,32.406,0.123,43.470,2.244
20181107174225.801,10.0.2.5,5001,10.0.1.2,43358,3,135.0-136.0,4049850,32398800,0.262,1702,4457,38.187,0,32.438,0.123,43.470,2.266
20181107174226.806,10.0.2.5,5001,10.0.1.2,43358,3,136.0-137.0,4051320,32410560,0.266,1702,4458,38.179,0,32.469,0.123,43.470,2.287
20181107174227.802,10.0.2.5,5001,10.0.1.2,43358,3,137.0-138.0,4049850,32398800,0.240,1702,4457,38.187,0,32.500,0.123,43.470,2.308
20181107174228.806,10.0.2.5,5001,10.0.1.2,43358,3,138.0-139.0,4051320,32410560,0.275,1718,4474,38.400,0,32.515,0.123,43.470,2.309
20181107174229.802,10.0.2.5,5001,10.0.1.2,43358,3,139.0-140.0,4048380,32387040,0.267,1703,4457,38.210,0,32.525,0.123,43.470,2.305
20181107174230.807,10.0.2.5,5001,10.0.1.2,43358,3,140.0-141.0,4049850,32398800,0.236,1701,4456,38.173,0,32.535,0.123,43.470,2.300
20181107174231.801,10.0.2.5,5001,10.0.1.2,43358,3,141.0-142.0,4051320,32410560,0.215,1699,4455,38.137,0,32.545,0.123,43.470,2.295
20181107174232.806,10.0.2.5,5001,10.0.1.2,43358,3,142.0-143.0,4051320,32410560,0.309,1711,4467,38.303,0,32.554,0.123,43.470,2.291
20181107174233.801,10.0.2.5,5001,10.0.1.2,43358,3,143.0-144.0,4046910,32375280,0.283,1702,4455,38.204,0,32.564,0.123,43.470,2.286
20181107174234.806,10.0.2.5,5001,10.0.1.2,43358,3,144.0-145.0,4049850,32398800,0.238,1700,4455,38.159,0,32.573,0.123,43.470,2.282
20181107174235.802,10.0.2.5,5001,10.0.1.2,43358,3,145.0-146.0,4049850,32398800,0.210,1701,4456,38.173,0,32.582,0.123,43.470,2.277
20181107174236.807,10.0.2.5,5001,10.0.1.2,43358,3,146.0-147.0,4048380,32387040,0.300,1712,4466,38.334,0,32.591,0.123,43.470,2.273
20181107174237.801,10.0.2.5,5001,10.0.1.2,43358,3,147.0-148.0,4049850,32398800,0.258,1700,4455,38.159,0,32.600,0.123,43.470,2.268
20181107174238.807,10.0.2.5,5001,10.0.1.2,43358,3,148.0-149.0,4051320,32410560,0.228,1699,4455,38.137,0,32.609,0.123,43.470,2.264
20181107174239.802,10.0.2.5,5001,10.0.1.2,43358,3,149.0-150.0,4057200,32457600,0.318,1707,4467,38.214,0,32.618,0.123,43.470,2.259
20181107174240.807,10.0.2.5,5001,10.0.1.2,43358,3,150.0-151.0,4052790,32422320,0.291,1698,4455,38.114,0,32.626,0.123,43.470,2.255
20181107174241.802,10.0.2.5,5001,10.0.1.2,43358,3,151.0-152.0,4048380,32387040,0.258,1702,4456,38.196,0,32.635,0.123,43.470,2.250
20181107174242.807,10.0.2.5,5001,10.0.1.2,43358,3,152.0-153.0,4048380,32387040,0.235,1703,4457,38.210,0,32.643,0.123,43.470,2.246
20181107174243.803,10.0.2.5,5001,10.0.1.2,43358,3,153.0-154.0,4046910,32375280,0.208,1702,4455,38.204,0,32.651,0.123,43.470,2.242
20181107174244.808,10.0.2.5,5001,10.0.1.2,43358,3,154.0-155.0,4042500,32340000,0.315,1716,4466,38.424,0,32.659,0.123,43.470,2.237
20181107174245.803,10.0.2.5,5001,10.0.1.2,43358,3,155.0-156.0,4049850,32398800,0.281,1701,4456,38.173,0,32.667,0.123,43.470,2.233
20181107174246.808,10.0.2.5,5001,10.0.1.2,43358,3,156.0-157.0,4049850,32398800,0.262,1703,4458,38.201,0,32.675,0.123,43.470,2.229
20181107174247.803,10.0.2.5,5001,10.0.1.2,43358,3,157.0-158.0,4036620,32292960,0.325,1727,4473,38.609,0,32.673,0.123,43.470,2.225
20181107174248.808,10.0.2.5,5001,10.0.1.2,43358,3,158.0-159.0,4018980,32151840,0.284,1724,4458,38.672,0,32.663,0.123,43.470,2.223
20181107174249.803,10.0.2.5,5001,10.0.1.2,43358,3,159.0-160.0,4054260,32434080,0.268,1699,4457,38.120,0,32.653,0.123,43.470,2.220
20181107174250.808,10.0.2.5,5001,10.0.1.2,43358,3,160.0-161.0,4051320,32410560,0.270,1701,4457,38.165,0,32.643,0.123,43.470,2.217
20181107174251.803,10.0.2.5,5001,10.0.1.2,43358,3,161.0-162.0,4045440,32363520,0.255,1705,4457,38.254,0,32.633,0.123,43.470,2.215
20181107174252.807,10.0.2.5,5001,10.0.1.2,43358,3,162.0-163.0,4049850,32398800,0.242,1703,4458,38.201,0,32.623,0.123,43.470,2.212
20181107174253.802,10.0.2.5,5001,10.0.1.2,43358,3,163.0-164.0,4046910,32375280,0.233,1704,4457,38.232,0,32.613,0.123,43.470,2.209
20181107174254.807,10.0.2.5,5001,10.0.1.2,43358,3,164.0-165.0,4052790,32422320,0.215,1700,4457,38.142,0,32.604,0.123,43.470,2.206
20181107174255.802,10.0.2.5,5001,10.0.1.2,43358,3,165.0-166.0,4052790,32422320,0.213,1700,4457,38.142,0,32.594,0.123,43.470,2.204
20181107174256.807,10.0.2.5,5001,10.0.1.2,43358,3,166.0-167.0,4049850,32398800,0.302,1712,4467,38.325,0,32.585,0.123,43.470,2.201
20181107174257.802,10.0.2.5,5001,10.0.1.2,43358,3,167.0-168.0,4018980,32151840,0.306,1724,4458,38.672,0,32.576,0.123,43.470,2.198
20181107174258.807,10.0.2.5,5001,10.0.1.2,43358,3,168.0-169.0,4052790,32422320,0.261,1699,4456,38.128,0,32.567,0.123,43.470,2.195
20181107174259.802,10.0.2.5,5001,10.0.1.2,43358,3,169.0-170.0,4049850,32398800,0.242,1700,4455,38.159,0,32.558,0.123,43.470,2.193
20181107174300.807,10.0.2.5,5001,10.0.1.2,43358,3,170.0-171.0,4030740,32245920,0.259,1708,4450,38.382,0,32.558,0.123,43.470,2.188
20181107174301.802,10.0.2.5,5001,10.0.1.2,43358,3,171.0-172.0,4042500,32340000,0.248,1708,4458,38.313,0,32.563,0.123,43.470,2.183
20181107174302.807,10.0.2.5,5001,10.0.1.2,43358,3,172.0-173.0,4049850,32398800,0.233,1701,4456,38.173,0,32.567,0.123,43.470,2.178
20181107174303.802,10.0.2.5,5001,10.0.1.2,43358,3,173.0-174.0,4052790,32422320,0.311,1707,4464,38.239,0,32.571,0.123,43.470,2.173
20181107174304.807,10.0.2.5,5001,10.0.1.2,43358,3,174.0-175.0,4026330,32210640,0.278,1718,4457,38.546,0,32.575,0.123,43.470,2.168
20181107174305.803,10.0.2.5,5001,10.0.1.2,43358,3,175.0-176.0,4045440,32363520,0.267,1705,4457,38.254,0,32.579,0.123,43.470,2.163
20181107174306.808,10.0.2.5,5001,10.0.1.2,43358,3,176.0-177.0,4049850,32398800,0.242,1701,4456,38.173,0,32.583,0.123,43.470,2.158
20181107174307.803,10.0.2.5,5001,10.0.1.2,43358,3,177.0-178.0,4043970,32351760,0.227,1706,4457,38.277,0,32.587,0.123,43.470,2.153
20181107174308.808,10.0.2.5,5001,10.0.1.2,43358,3,178.0-179.0,4049850,32398800,0.316,1711,4466,38.312,0,32.591,0.123,43.470,2.148
20181107174309.803,10.0.2.5,5001,10.0.1.2,43358,3,179.0-180.0,4051320,32410560,0.325,1701,4457,38.165,0,32.595,0.123,43.470,2.144
20181107174310.809,10.0.2.5,5001,10.0.1.2,43358,3,180.0-181.0,4046910,32375280,0.314,1706,4459,38.260,0,32.598,0.123,43.470,2.139
20181107174311.804,10.0.2.5,5001,10.0.1.2,43358,3,181.0-182.0,4051320,32410560,0.319,1702,4458,38.179,0,32.602,0.123,43.470,2.134
20181107174312.809,10.0.2.5,5001,10.0.1.2,43358,3,182.0-183.0,4051320,32410560,0.305,1702,4458,38.179,0,32.605,0.123,43.470,2.129
20181107174313.804,10.0.2.5,5001,10.0.1.2,43358,3,183.0-184.0,4049850,32398800,0.324,1703,4458,38.201,0,32.609,0.123,43.470,2.124
20181107174314.809,10.0.2.5,5001,10.0.1.2,43358,3,184.0-185.0,4054260,32434080,0.279,1699,4457,38.120,0,32.612,0.123,43.470,2.120
20181107174315.804,10.0.2.5,5001,10.0.1.2,43358,3,185.0-186.0,4052790,32422320,0.270,1701,4458,38.156,0,32.616,0.123,43.470,2.115
20181107174316.809,10.0.2.5,5001,10.0.1.2,43358,3,186.0-187.0,4052790,32422320,0.273,1701,4458,38.156,0,32.619,0.123,43.470,2.110
20181107174317.803,10.0.2.5,5001,10.0.1.2,43358,3,187.0-188.0,4052790,32422320,0.281,1700,4457,38.142,0,32.622,0.123,43.470,2.106
20181107174318.809,10.0.2.5,5001,10.0.1.2,43358,3,188.0-189.0,4052790,32422320,0.263,1701,4458,38.156,0,32.626,0.123,43.470,2.101
20181107174319.804,10.0.2.5,5001,10.0.1.2,43358,3,189.0-190.0,4051320,32410560,0.260,1702,4458,38.179,0,32.629,0.123,43.470,2.097
20181107174320.809,10.0.2.5,5001,10.0.1.2,43358,3,190.0-191.0,4051320,32410560,0.270,1702,4458,38.179,0,32.632,0.123,43.470,2.092
20181107174321.804,10.0.2.5,5001,10.0.1.2,43358,3,191.0-192.0,4052790,32422320,0.247,1701,4458,38.156,0,32.636,0.123,43.470,2.088
20181107174322.809,10.0.2.5,5001,10.0.1.2,43358,3,192.0-193.0,4049850,32398800,0.240,1702,4457,38.187,0,32.639,0.123,43.470,2.083
20181107174323.804,10.0.2.5,5001,10.0.1.2,43358,3,193.0-194.0,4045440,32363520,0.249,1707,4459,38.282,0,32.642,0.123,43.470,2.079
20181107174324.810,10.0.2.5,5001,10.0.1.2,43358,3,194.0-195.0,4049850,32398800,0.245,1703,4458,38.201,0,32.645,0.123,43.470,2.075
20181107174325.805,10.0.2.5,5001,10.0.1.2,43358,3,195.0-196.0,4045440,32363520,0.259,1706,4458,38.268,0,32.648,0.123,43.470,2.070
20181107174326.810,10.0.2.5,5001,10.0.1.2,43358,3,196.0-197.0,4045440,32363520,0.243,1706,4458,38.268,0,32.651,0.123,43.470,2.066
20181107174327.805,10.0.2.5,5001,10.0.1.2,43358,3,197.0-198.0,4029270,32234160,0.234,1717,4458,38.515,0,32.654,0.123,43.470,2.062
20181107174328.810,10.0.2.5,5001,10.0.1.2,43358,3,198.0-199.0,4048380,32387040,0.244,1703,4457,38.210,0,32.657,0.123,43.470,2.057
20181107174329.805,10.0.2.5,5001,10.0.1.2,43358,3,199.0-200.0,4051320,32410560,0.222,1703,4459,38.192,0,32.660,0.123,43.470,2.053
20181107174330.810,10.0.2.5,5001,10.0.1.2,43358,3,200.0-201.0,4048380,32387040,0.230,1703,4457,38.210,0,32.663,0.123,43.470,2.049
20181107174331.805,10.0.2.5,5001,10.0.1.2,43358,3,201.0-202.0,4046910,32375280,0.237,1706,4459,38.260,0,32.666,0.123,43.470,2.045
20181107174332.811,10.0.2.5,5001,10.0.1.2,43358,3,202.0-203.0,4051320,32410560,0.222,1700,4456,38.151,0,32.668,0.123,43.470,2.041
20181107174333.805,10.0.2.5,5001,10.0.1.2,43358,3,203.0-204.0,4055730,32445840,0.216,1699,4458,38.111,0,32.671,0.123,43.470,2.036
20181107174334.811,10.0.2.5,5001,10.0.1.2,43358,3,204.0-205.0,4048380,32387040,0.325,1714,4468,38.362,0,32.674,0.123,43.470,2.032
20181107174335.806,10.0.2.5,5001,10.0.1.2,43358,3,205.0-206.0,4054260,32434080,0.310,1700,4458,38.134,0,32.677,0.123,43.470,2.028
20181107174336.801,10.0.2.5,5001,10.0.1.2,43358,3,206.0-207.0,4046910,32375280,0.295,1703,4456,38.218,0,32.680,0.123,43.470,2.024
20181107174337.807,10.0.2.5,5001,10.0.1.2,43358,3,207.0-208.0,4048380,32387040,0.284,1703,4457,38.210,0,32.682,0.123,43.470,2.020
20181107174338.802,10.0.2.5,5001,10.0.1.2,43358,3,208.0-209.0,4051320,32410560,0.252,1701,4457,38.165,0,32.685,0.123,43.470,2.016
20181107174339.807,10.0.2.5,5001,10.0.1.2,43358,3,209.0-210.0,4052790,32422320,0.243,1700,4457,38.142,0,32.688,0.123,43.470,2.012
20181107174340.801,10.0.2.5,5001,10.0.1.2,43358,3,210.0-211.0,4051320,32410560,0.227,1701,4457,38.165,0,32.690,0.123,43.470,2.008
20181107174341.807,10.0.2.5,5001,10.0.1.2,43358,3,211.0-212.0,4042500,32340000,0.244,1709,4459,38.327,0,32.693,0.123,43.470,2.005
20181107174342.802,10.0.2.5,5001,10.0.1.2,43358,3,212.0-213.0,4043970,32351760,0.239,1707,4458,38.291,0,32.695,0.123,43.470,2.001
20181107174343.807,10.0.2.5,5001,10.0.1.2,43358,3,213.0-214.0,4048380,32387040,0.232,1704,4458,38.223,0,32.698,0.123,43.470,1.997
20181107174344.802,10.0.2.5,5001,10.0.1.2,43358,3,214.0-215.0,4054260,32434080,0.235,1701,4459,38.148,0,32.701,0.123,43.470,1.993
20181107174345.807,10.0.2.5,5001,10.0.1.2,43358,3,215.0-216.0,4049850,32398800,0.246,1702,4457,38.187,0,32.703,0.123,43.470,1.989
20181107174346.802,10.0.2.5,5001,10.0.1.2,43358,3,216.0-217.0,4054260,32434080,0.215,1699,4457,38.120,0,32.706,0.123,43.470,1.985
20181107174347.807,10.0.2.5,5001,10.0.1.2,43358,3,217.0-218.0,4046910,32375280,0.222,1705,4458,38.246,0,32.708,0.123,43.470,1.982
20181107174348.803,10.0.2.5,5001,10.0.1.2,43358,3,218.0-219.0,4049850,32398800,0.211,1703,4458,38.201,0,32.711,0.123,43.470,1.978
20181107174349.808,10.0.2.5,5001,10.0.1.2,43358,3,219.0-220.0,4048380,32387040,0.233,1705,4459,38.237,0,32.713,0.123,43.470,1.974
20181107174350.802,10.0.2.5,5001,10.0.1.2,43358,3,220.0-221.0,4048380,32387040,0.215,1702,4456,38.196,0,32.715,0.123,43.470,1.971
20181107174351.808,10.0.2.5,5001,10.0.1.2,43358,3,221.0-222.0,4033680,32269440,0.259,1731,4475,38.682,0,32.708,0.123,43.470,1.970
20181107174352.803,10.0.2.5,5001,10.0.1.2,43358,3,222.0-223.0,4054260,32434080,0.252,1699,4457,38.120,0,32.700,0.123,43.470,1.969
20181107174353.808,10.0.2.5,5001,10.0.1.2,43358,3,223.0-224.0,4024860,32198880,0.212,1717,4455,38.541,0,32.692,0.123,43.470,1.969
20181107174354.803,10.0.2.5,5001,10.0.1.2,43358,3,224.0-225.0,4041030,32328240,0.291,1716,4465,38.432,0,32.685,0.123,43.470,1.968
20181107174355.808,10.0.2.5,5001,10.0.1.2,43358,3,225.0-226.0,4042500,32340000,0.278,1706,4456,38.285,0,32.677,0.123,43.470,1.968
20181107174356.803,10.0.2.5,5001,10.0.1.2,43358,3,226.0-227.0,4052790,32422320,0.267,1701,4458,38.156,0,32.670,0.123,43.470,1.967
20181107174357.808,10.0.2.5,5001,10.0.1.2,43358,3,227.0-228.0,4048380,32387040,0.237,1702,4456,38.196,0,32.663,0.123,43.470,1.966
20181107174358.803,10.0.2.5,5001,10.0.1.2,43358,3,228.0-229.0,4049850,32398800,0.222,1701,4456,38.173,0,32.655,0.123,43.470,1.965
20181107174359.808,10.0.2.5,5001,10.0.1.2,43358,3,229.0-230.0,4052790,32422320,0.207,1701,4458,38.156,0,32.648,0.123,43.470,1.964
20181107174400.803,10.0.2.5,5001,10.0.1.2,43358,3,230.0-231.0,4049850,32398800,0.320,1711,4466,38.312,0,32.641,0.123,43.470,1.963
20181107174401.808,10.0.2.5,5001,10.0.1.2,43358,3,231.0-232.0,4049850,32398800,0.281,1702,4457,38.187,0,32.634,0.123,43.470,1.963
20181107174402.803,10.0.2.5,5001,10.0.1.2,43358,3,232.0-233.0,4026330,32210640,0.266,1717,4456,38.532,0,32.627,0.123,43.470,1.962
20181107174403.808,10.0.2.5,5001,10.0.1.2,43358,3,233.0-234.0,4048380,32387040,0.244,1704,4458,38.223,0,32.620,0.123,43.470,1.961
20181107174404.803,10.0.2.5,5001,10.0.1.2,43358,3,234.0-235.0,4052790,32422320,0.224,1700,4457,38.142,0,32.613,0.123,43.470,1.960
20181107174405.808,10.0.2.5,5001,10.0.1.2,43358,3,235.0-236.0,4048380,32387040,0.244,1701,4455,38.182,0,32.606,0.123,43.470,1.960
20181107174406.804,10.0.2.5,5001,10.0.1.2,43358,3,236.0-237.0,4048380,32387040,0.329,1713,4467,38.348,0,32.599,0.123,43.470,1.959
20181107174407.809,10.0.2.5,5001,10.0.1.2,43358,3,237.0-238.0,4055730,32445840,0.304,1699,4458,38.111,0,32.592,0.123,43.470,1.958
20181107174408.804,10.0.2.5,5001,10.0.1.2,43358,3,238.0-239.0,4049850,32398800,0.308,1703,4458,38.201,0,32.585,0.123,43.470,1.957
20181107174409.809,10.0.2.5,5001,10.0.1.2,43358,3,239.0-240.0,4045440,32363520,0.285,1704,4456,38.241,0,32.579,0.123,43.470,1.957
20181107174410.804,10.0.2.5,5001,10.0.1.2,43358,3,240.0-241.0,4052790,32422320,0.262,1701,4458,38.156,0,32.572,0.123,43.470,1.956
20181107174411.809,10.0.2.5,5001,10.0.1.2,43358,3,241.0-242.0,4048380,32387040,0.234,1702,4456,38.196,0,32.565,0.123,43.470,1.955
20181107174412.804,10.0.2.5,5001,10.0.1.2,43358,3,242.0-243.0,4048380,32387040,0.223,1701,4455,38.182,0,32.559,0.123,43.470,1.954
20181107174413.810,10.0.2.5,5001,10.0.1.2,43358,3,243.0-244.0,4046910,32375280,0.330,1714,4467,38.370,0,32.552,0.123,43.470,1.953
20181107174414.805,10.0.2.5,5001,10.0.1.2,43358,3,244.0-245.0,4048380,32387040,0.290,1701,4455,38.182,0,32.546,0.123,43.470,1.952
20181107174415.810,10.0.2.5,5001,10.0.1.2,43358,3,245.0-246.0,4029270,32234160,0.250,1698,4439,38.252,0,32.551,0.123,43.470,1.953
20181107174416.805,10.0.2.5,5001,10.0.1.2,43358,3,246.0-247.0,4051320,32410560,0.238,1702,4458,38.179,0,32.559,0.123,43.470,1.954
20181107174417.810,10.0.2.5,5001,10.0.1.2,43358,3,247.0-248.0,4048380,32387040,0.232,1704,4458,38.223,0,32.568,0.123,43.470,1.955
20181107174418.805,10.0.2.5,5001,10.0.1.2,43358,3,248.0-249.0,4048380,32387040,0.214,1702,4456,38.196,0,32.576,0.123,43.470,1.956
20181107174419.811,10.0.2.5,5001,10.0.1.2,43358,3,249.0-250.0,4038090,32304720,0.223,1729,4476,38.628,0,32.574,0.123,43.470,1.955
20181107174420.806,10.0.2.5,5001,10.0.1.2,43358,3,250.0-251.0,4045440,32363520,0.217,1706,4458,38.268,0,32.567,0.123,43.470,1.955
20181107174421.801,10.0.2.5,5001,10.0.1.2,43358,3,251.0-252.0,4051320,32410560,0.331,1710,4466,38.289,0,32.561,0.123,43.470,1.954
20181107174422.806,10.0.2.5,5001,10.0.1.2,43358,3,252.0-253.0,4057200,32457600,0.330,1698,4458,38.089,0,32.554,0.123,43.470,1.953
20181107174423.811,10.0.2.5,5001,10.0.1.2,43358,3,253.0-254.0,4051320,32410560,0.295,1701,4457,38.165,0,32.548,0.123,43.470,1.952
20181107174424.806,10.0.2.5,5001,10.0.1.2,43358,3,254.0-255.0,4049850,32398800,0.299,1703,4458,38.201,0,32.541,0.123,43.470,1.952
20181107174425.811,10.0.2.5,5001,10.0.1.2,43358,3,255.0-256.0,4045440,32363520,0.263,1704,4456,38.241,0,32.535,0.123,43.470,1.951
20181107174426.806,10.0.2.5,5001,10.0.1.2,43358,3,256.0-257.0,4026330,32210640,0.238,1718,4457,38.546,0,32.529,0.123,43.470,1.950
20181107174427.811,10.0.2.5,5001,10.0.1.2,43358,3,257.0-258.0,4051320,32410560,0.222,1700,4456,38.151,0,32.523,0.123,43.470,1.949
20181107174428.806,10.0.2.5,5001,10.0.1.2,43358,3,258.0-259.0,4018980,32151840,0.221,1724,4458,38.672,0,32.516,0.123,43.470,1.949
20181107174429.811,10.0.2.5,5001,10.0.1.2,43358,3,259.0-260.0,4051320,32410560,0.229,1701,4457,38.165,0,32.510,0.123,43.470,1.948
20181107174430.806,10.0.2.5,5001,10.0.1.2,43358,3,260.0-261.0,4029270,32234160,0.319,1725,4466,38.625,0,32.504,0.123,43.470,1.947
20181107174431.811,10.0.2.5,5001,10.0.1.2,43358,3,261.0-262.0,4051320,32410560,0.289,1702,4458,38.179,0,32.498,0.123,43.470,1.946
20181107174432.806,10.0.2.5,5001,10.0.1.2,43358,3,262.0-263.0,4035150,32281200,0.266,1710,4455,38.384,0,32.492,0.123,43.470,1.945
20181107174433.801,10.0.2.5,5001,10.0.1.2,43358,3,263.0-264.0,4049850,32398800,0.240,1701,4456,38.173,0,32.486,0.123,43.470,1.944
20181107174434.806,10.0.2.5,5001,10.0.1.2,43358,3,264.0-265.0,4049850,32398800,0.226,1701,4456,38.173,0,32.481,0.123,43.470,1.943
20181107174435.802,10.0.2.5,5001,10.0.1.2,43358,3,265.0-266.0,4045440,32363520,0.220,1707,4459,38.282,0,32.475,0.123,43.470,1.942
20181107174436.807,10.0.2.5,5001,10.0.1.2,43358,3,266.0-267.0,4051320,32410560,0.205,1702,4458,38.179,0,32.469,0.123,43.470,1.941
20181107174437.802,10.0.2.5,5001,10.0.1.2,43358,3,267.0-268.0,4018980,32151840,0.321,1732,4466,38.782,0,32.464,0.123,43.470,1.940
20181107174438.807,10.0.2.5,5001,10.0.1.2,43358,3,268.0-269.0,4051320,32410560,0.298,1702,4458,38.179,0,32.458,0.123,43.470,1.939
20181107174439.802,10.0.2.5,5001,10.0.1.2,43358,3,269.0-270.0,4048380,32387040,0.271,1702,4456,38.196,0,32.452,0.123,43.470,1.938
20181107174439.832,10.0.2.5,5001,10.0.1.2,43358,3,0.0-270.0,1092989100,32381260,0.075,460193,1203723,38.231,0,32.452,0.123,43.470,1.938
